"DATE","nconshh09Q3","nconshh09Q4","nconshh10Q1","nconshh10Q2","nconshh10Q3","nconshh10Q4","nconshh11Q1","nconshh11Q2","nconshh11Q3","nconshh11Q4","nconshh12Q1","nconshh12Q2","nconshh12Q3","nconshh12Q4","nconshh13Q1","nconshh13Q2","nconshh13Q3","nconshh13Q4","nconshh14Q1","nconshh14Q2","nconshh14Q3","nconshh14Q4","nconshh15Q1","nconshh15Q2","nconshh15Q3","nconshh15Q4"
"1947:Q1","#N/A","#N/A","#N/A","#N/A","#N/A","#N/A","#N/A","#N/A","#N/A","#N/A","#N/A","#N/A","#N/A","#N/A","#N/A","#N/A","#N/A","#N/A","#N/A","#N/A","#N/A","#N/A","#N/A","#N/A","#N/A","#N/A"
"1947:Q2","#N/A","#N/A","#N/A","#N/A","#N/A","#N/A","#N/A","#N/A","#N/A","#N/A","#N/A","#N/A","#N/A","#N/A","#N/A","#N/A","#N/A","#N/A","#N/A","#N/A","#N/A","#N/A","#N/A","#N/A","#N/A","#N/A"
"1947:Q3","#N/A","#N/A","#N/A","#N/A","#N/A","#N/A","#N/A","#N/A","#N/A","#N/A","#N/A","#N/A","#N/A","#N/A","#N/A","#N/A","#N/A","#N/A","#N/A","#N/A","#N/A","#N/A","#N/A","#N/A","#N/A","#N/A"
"1947:Q4","#N/A","#N/A","#N/A","#N/A","#N/A","#N/A","#N/A","#N/A","#N/A","#N/A","#N/A","#N/A","#N/A","#N/A","#N/A","#N/A","#N/A","#N/A","#N/A","#N/A","#N/A","#N/A","#N/A","#N/A","#N/A","#N/A"
"1948:Q1","#N/A","#N/A","#N/A","#N/A","#N/A","#N/A","#N/A","#N/A","#N/A","#N/A","#N/A","#N/A","#N/A","#N/A","#N/A","#N/A","#N/A","#N/A","#N/A","#N/A","#N/A","#N/A","#N/A","#N/A","#N/A","#N/A"
"1948:Q2","#N/A","#N/A","#N/A","#N/A","#N/A","#N/A","#N/A","#N/A","#N/A","#N/A","#N/A","#N/A","#N/A","#N/A","#N/A","#N/A","#N/A","#N/A","#N/A","#N/A","#N/A","#N/A","#N/A","#N/A","#N/A","#N/A"
"1948:Q3","#N/A","#N/A","#N/A","#N/A","#N/A","#N/A","#N/A","#N/A","#N/A","#N/A","#N/A","#N/A","#N/A","#N/A","#N/A","#N/A","#N/A","#N/A","#N/A","#N/A","#N/A","#N/A","#N/A","#N/A","#N/A","#N/A"
"1948:Q4","#N/A","#N/A","#N/A","#N/A","#N/A","#N/A","#N/A","#N/A","#N/A","#N/A","#N/A","#N/A","#N/A","#N/A","#N/A","#N/A","#N/A","#N/A","#N/A","#N/A","#N/A","#N/A","#N/A","#N/A","#N/A","#N/A"
"1949:Q1","#N/A","#N/A","#N/A","#N/A","#N/A","#N/A","#N/A","#N/A","#N/A","#N/A","#N/A","#N/A","#N/A","#N/A","#N/A","#N/A","#N/A","#N/A","#N/A","#N/A","#N/A","#N/A","#N/A","#N/A","#N/A","#N/A"
"1949:Q2","#N/A","#N/A","#N/A","#N/A","#N/A","#N/A","#N/A","#N/A","#N/A","#N/A","#N/A","#N/A","#N/A","#N/A","#N/A","#N/A","#N/A","#N/A","#N/A","#N/A","#N/A","#N/A","#N/A","#N/A","#N/A","#N/A"
"1949:Q3","#N/A","#N/A","#N/A","#N/A","#N/A","#N/A","#N/A","#N/A","#N/A","#N/A","#N/A","#N/A","#N/A","#N/A","#N/A","#N/A","#N/A","#N/A","#N/A","#N/A","#N/A","#N/A","#N/A","#N/A","#N/A","#N/A"
"1949:Q4","#N/A","#N/A","#N/A","#N/A","#N/A","#N/A","#N/A","#N/A","#N/A","#N/A","#N/A","#N/A","#N/A","#N/A","#N/A","#N/A","#N/A","#N/A","#N/A","#N/A","#N/A","#N/A","#N/A","#N/A","#N/A","#N/A"
"1950:Q1","#N/A","#N/A","#N/A","#N/A","#N/A","#N/A","#N/A","#N/A","#N/A","#N/A","#N/A","#N/A","#N/A","#N/A","#N/A","#N/A","#N/A","#N/A","#N/A","#N/A","#N/A","#N/A","#N/A","#N/A","#N/A","#N/A"
"1950:Q2","#N/A","#N/A","#N/A","#N/A","#N/A","#N/A","#N/A","#N/A","#N/A","#N/A","#N/A","#N/A","#N/A","#N/A","#N/A","#N/A","#N/A","#N/A","#N/A","#N/A","#N/A","#N/A","#N/A","#N/A","#N/A","#N/A"
"1950:Q3","#N/A","#N/A","#N/A","#N/A","#N/A","#N/A","#N/A","#N/A","#N/A","#N/A","#N/A","#N/A","#N/A","#N/A","#N/A","#N/A","#N/A","#N/A","#N/A","#N/A","#N/A","#N/A","#N/A","#N/A","#N/A","#N/A"
"1950:Q4","#N/A","#N/A","#N/A","#N/A","#N/A","#N/A","#N/A","#N/A","#N/A","#N/A","#N/A","#N/A","#N/A","#N/A","#N/A","#N/A","#N/A","#N/A","#N/A","#N/A","#N/A","#N/A","#N/A","#N/A","#N/A","#N/A"
"1951:Q1","#N/A","#N/A","#N/A","#N/A","#N/A","#N/A","#N/A","#N/A","#N/A","#N/A","#N/A","#N/A","#N/A","#N/A","#N/A","#N/A","#N/A","#N/A","#N/A","#N/A","#N/A","#N/A","#N/A","#N/A","#N/A","#N/A"
"1951:Q2","#N/A","#N/A","#N/A","#N/A","#N/A","#N/A","#N/A","#N/A","#N/A","#N/A","#N/A","#N/A","#N/A","#N/A","#N/A","#N/A","#N/A","#N/A","#N/A","#N/A","#N/A","#N/A","#N/A","#N/A","#N/A","#N/A"
"1951:Q3","#N/A","#N/A","#N/A","#N/A","#N/A","#N/A","#N/A","#N/A","#N/A","#N/A","#N/A","#N/A","#N/A","#N/A","#N/A","#N/A","#N/A","#N/A","#N/A","#N/A","#N/A","#N/A","#N/A","#N/A","#N/A","#N/A"
"1951:Q4","#N/A","#N/A","#N/A","#N/A","#N/A","#N/A","#N/A","#N/A","#N/A","#N/A","#N/A","#N/A","#N/A","#N/A","#N/A","#N/A","#N/A","#N/A","#N/A","#N/A","#N/A","#N/A","#N/A","#N/A","#N/A","#N/A"
"1952:Q1","#N/A","#N/A","#N/A","#N/A","#N/A","#N/A","#N/A","#N/A","#N/A","#N/A","#N/A","#N/A","#N/A","#N/A","#N/A","#N/A","#N/A","#N/A","#N/A","#N/A","#N/A","#N/A","#N/A","#N/A","#N/A","#N/A"
"1952:Q2","#N/A","#N/A","#N/A","#N/A","#N/A","#N/A","#N/A","#N/A","#N/A","#N/A","#N/A","#N/A","#N/A","#N/A","#N/A","#N/A","#N/A","#N/A","#N/A","#N/A","#N/A","#N/A","#N/A","#N/A","#N/A","#N/A"
"1952:Q3","#N/A","#N/A","#N/A","#N/A","#N/A","#N/A","#N/A","#N/A","#N/A","#N/A","#N/A","#N/A","#N/A","#N/A","#N/A","#N/A","#N/A","#N/A","#N/A","#N/A","#N/A","#N/A","#N/A","#N/A","#N/A","#N/A"
"1952:Q4","#N/A","#N/A","#N/A","#N/A","#N/A","#N/A","#N/A","#N/A","#N/A","#N/A","#N/A","#N/A","#N/A","#N/A","#N/A","#N/A","#N/A","#N/A","#N/A","#N/A","#N/A","#N/A","#N/A","#N/A","#N/A","#N/A"
"1953:Q1","#N/A","#N/A","#N/A","#N/A","#N/A","#N/A","#N/A","#N/A","#N/A","#N/A","#N/A","#N/A","#N/A","#N/A","#N/A","#N/A","#N/A","#N/A","#N/A","#N/A","#N/A","#N/A","#N/A","#N/A","#N/A","#N/A"
"1953:Q2","#N/A","#N/A","#N/A","#N/A","#N/A","#N/A","#N/A","#N/A","#N/A","#N/A","#N/A","#N/A","#N/A","#N/A","#N/A","#N/A","#N/A","#N/A","#N/A","#N/A","#N/A","#N/A","#N/A","#N/A","#N/A","#N/A"
"1953:Q3","#N/A","#N/A","#N/A","#N/A","#N/A","#N/A","#N/A","#N/A","#N/A","#N/A","#N/A","#N/A","#N/A","#N/A","#N/A","#N/A","#N/A","#N/A","#N/A","#N/A","#N/A","#N/A","#N/A","#N/A","#N/A","#N/A"
"1953:Q4","#N/A","#N/A","#N/A","#N/A","#N/A","#N/A","#N/A","#N/A","#N/A","#N/A","#N/A","#N/A","#N/A","#N/A","#N/A","#N/A","#N/A","#N/A","#N/A","#N/A","#N/A","#N/A","#N/A","#N/A","#N/A","#N/A"
"1954:Q1","#N/A","#N/A","#N/A","#N/A","#N/A","#N/A","#N/A","#N/A","#N/A","#N/A","#N/A","#N/A","#N/A","#N/A","#N/A","#N/A","#N/A","#N/A","#N/A","#N/A","#N/A","#N/A","#N/A","#N/A","#N/A","#N/A"
"1954:Q2","#N/A","#N/A","#N/A","#N/A","#N/A","#N/A","#N/A","#N/A","#N/A","#N/A","#N/A","#N/A","#N/A","#N/A","#N/A","#N/A","#N/A","#N/A","#N/A","#N/A","#N/A","#N/A","#N/A","#N/A","#N/A","#N/A"
"1954:Q3","#N/A","#N/A","#N/A","#N/A","#N/A","#N/A","#N/A","#N/A","#N/A","#N/A","#N/A","#N/A","#N/A","#N/A","#N/A","#N/A","#N/A","#N/A","#N/A","#N/A","#N/A","#N/A","#N/A","#N/A","#N/A","#N/A"
"1954:Q4","#N/A","#N/A","#N/A","#N/A","#N/A","#N/A","#N/A","#N/A","#N/A","#N/A","#N/A","#N/A","#N/A","#N/A","#N/A","#N/A","#N/A","#N/A","#N/A","#N/A","#N/A","#N/A","#N/A","#N/A","#N/A","#N/A"
"1955:Q1","#N/A","#N/A","#N/A","#N/A","#N/A","#N/A","#N/A","#N/A","#N/A","#N/A","#N/A","#N/A","#N/A","#N/A","#N/A","#N/A","#N/A","#N/A","#N/A","#N/A","#N/A","#N/A","#N/A","#N/A","#N/A","#N/A"
"1955:Q2","#N/A","#N/A","#N/A","#N/A","#N/A","#N/A","#N/A","#N/A","#N/A","#N/A","#N/A","#N/A","#N/A","#N/A","#N/A","#N/A","#N/A","#N/A","#N/A","#N/A","#N/A","#N/A","#N/A","#N/A","#N/A","#N/A"
"1955:Q3","#N/A","#N/A","#N/A","#N/A","#N/A","#N/A","#N/A","#N/A","#N/A","#N/A","#N/A","#N/A","#N/A","#N/A","#N/A","#N/A","#N/A","#N/A","#N/A","#N/A","#N/A","#N/A","#N/A","#N/A","#N/A","#N/A"
"1955:Q4","#N/A","#N/A","#N/A","#N/A","#N/A","#N/A","#N/A","#N/A","#N/A","#N/A","#N/A","#N/A","#N/A","#N/A","#N/A","#N/A","#N/A","#N/A","#N/A","#N/A","#N/A","#N/A","#N/A","#N/A","#N/A","#N/A"
"1956:Q1","#N/A","#N/A","#N/A","#N/A","#N/A","#N/A","#N/A","#N/A","#N/A","#N/A","#N/A","#N/A","#N/A","#N/A","#N/A","#N/A","#N/A","#N/A","#N/A","#N/A","#N/A","#N/A","#N/A","#N/A","#N/A","#N/A"
"1956:Q2","#N/A","#N/A","#N/A","#N/A","#N/A","#N/A","#N/A","#N/A","#N/A","#N/A","#N/A","#N/A","#N/A","#N/A","#N/A","#N/A","#N/A","#N/A","#N/A","#N/A","#N/A","#N/A","#N/A","#N/A","#N/A","#N/A"
"1956:Q3","#N/A","#N/A","#N/A","#N/A","#N/A","#N/A","#N/A","#N/A","#N/A","#N/A","#N/A","#N/A","#N/A","#N/A","#N/A","#N/A","#N/A","#N/A","#N/A","#N/A","#N/A","#N/A","#N/A","#N/A","#N/A","#N/A"
"1956:Q4","#N/A","#N/A","#N/A","#N/A","#N/A","#N/A","#N/A","#N/A","#N/A","#N/A","#N/A","#N/A","#N/A","#N/A","#N/A","#N/A","#N/A","#N/A","#N/A","#N/A","#N/A","#N/A","#N/A","#N/A","#N/A","#N/A"
"1957:Q1","#N/A","#N/A","#N/A","#N/A","#N/A","#N/A","#N/A","#N/A","#N/A","#N/A","#N/A","#N/A","#N/A","#N/A","#N/A","#N/A","#N/A","#N/A","#N/A","#N/A","#N/A","#N/A","#N/A","#N/A","#N/A","#N/A"
"1957:Q2","#N/A","#N/A","#N/A","#N/A","#N/A","#N/A","#N/A","#N/A","#N/A","#N/A","#N/A","#N/A","#N/A","#N/A","#N/A","#N/A","#N/A","#N/A","#N/A","#N/A","#N/A","#N/A","#N/A","#N/A","#N/A","#N/A"
"1957:Q3","#N/A","#N/A","#N/A","#N/A","#N/A","#N/A","#N/A","#N/A","#N/A","#N/A","#N/A","#N/A","#N/A","#N/A","#N/A","#N/A","#N/A","#N/A","#N/A","#N/A","#N/A","#N/A","#N/A","#N/A","#N/A","#N/A"
"1957:Q4","#N/A","#N/A","#N/A","#N/A","#N/A","#N/A","#N/A","#N/A","#N/A","#N/A","#N/A","#N/A","#N/A","#N/A","#N/A","#N/A","#N/A","#N/A","#N/A","#N/A","#N/A","#N/A","#N/A","#N/A","#N/A","#N/A"
"1958:Q1","#N/A","#N/A","#N/A","#N/A","#N/A","#N/A","#N/A","#N/A","#N/A","#N/A","#N/A","#N/A","#N/A","#N/A","#N/A","#N/A","#N/A","#N/A","#N/A","#N/A","#N/A","#N/A","#N/A","#N/A","#N/A","#N/A"
"1958:Q2","#N/A","#N/A","#N/A","#N/A","#N/A","#N/A","#N/A","#N/A","#N/A","#N/A","#N/A","#N/A","#N/A","#N/A","#N/A","#N/A","#N/A","#N/A","#N/A","#N/A","#N/A","#N/A","#N/A","#N/A","#N/A","#N/A"
"1958:Q3","#N/A","#N/A","#N/A","#N/A","#N/A","#N/A","#N/A","#N/A","#N/A","#N/A","#N/A","#N/A","#N/A","#N/A","#N/A","#N/A","#N/A","#N/A","#N/A","#N/A","#N/A","#N/A","#N/A","#N/A","#N/A","#N/A"
"1958:Q4","#N/A","#N/A","#N/A","#N/A","#N/A","#N/A","#N/A","#N/A","#N/A","#N/A","#N/A","#N/A","#N/A","#N/A","#N/A","#N/A","#N/A","#N/A","#N/A","#N/A","#N/A","#N/A","#N/A","#N/A","#N/A","#N/A"
"1959:Q1","135.5","135.5","135.5","135.5","135.5","135.5","135.5","135.5","135.5","135.5","135.5","135.5","135.5","135.5","135.5","135.5","135.5","135.5","135.5","135.5","135.5","135.5","135.5","135.5","135.5","135.5"
"1959:Q2","138.5","138.5","138.5","138.5","138.5","138.5","138.5","138.5","138.5","138.5","138.5","138.5","138.5","138.5","138.5","138.5","138.5","138.5","138.5","138.5","138.5","138.5","138.5","138.5","138.5","138.5"
"1959:Q3","141.6","141.6","141.6","141.6","141.6","141.6","141.6","141.6","141.6","141.6","141.6","141.6","141.6","141.6","141.6","141.6","141.6","141.6","141.6","141.6","141.6","141.6","141.6","141.6","141.6","141.6"
"1959:Q4","144.6","144.6","144.6","144.6","144.6","144.6","144.6","144.6","144.6","144.6","144.6","144.6","144.6","144.6","144.6","144.6","144.6","144.6","144.6","144.6","144.6","144.6","144.6","144.6","144.6","144.6"
"1960:Q1","146.5","146.5","146.5","146.5","146.5","146.5","146.5","146.5","146.5","146.5","146.5","146.5","146.5","146.5","146.5","146.5","146.5","146.5","146.5","146.5","146.5","146.5","146.5","146.5","146.5","146.5"
"1960:Q2","149.1","149.1","149.1","149.1","149.1","149.1","149.1","149.1","149.1","149.1","149.1","149.1","149.1","149.1","149.1","149.1","149.1","149.1","149.1","149.1","149.1","149.1","149.1","149.1","149.1","149.1"
"1960:Q3","150.0","150.0","150.0","150.0","150.0","150.0","150.0","150.0","150.0","150.0","150.0","150.0","150.0","150.0","150.0","150.0","150.0","150.0","150.0","150.0","150.0","150.0","150.0","150.0","150.0","150.0"
"1960:Q4","152.4","152.4","152.4","152.4","152.4","152.4","152.4","152.4","152.4","152.4","152.4","152.4","152.4","152.4","152.4","152.4","152.4","152.4","152.4","152.4","152.4","152.4","152.4","152.4","152.4","152.4"
"1961:Q1","154.4","154.4","154.4","154.4","154.4","154.4","154.4","154.4","154.4","154.4","154.4","154.4","154.4","154.4","154.4","154.4","154.4","154.4","154.4","154.4","154.4","154.4","154.4","154.4","154.4","154.4"
"1961:Q2","157.2","157.2","157.2","157.2","157.2","157.2","157.2","157.2","157.2","157.2","157.2","157.2","157.2","157.2","157.2","157.2","157.2","157.2","157.2","157.2","157.2","157.2","157.2","157.2","157.2","157.2"
"1961:Q3","158.3","158.3","158.3","158.3","158.3","158.3","158.3","158.3","158.3","158.3","158.3","158.3","158.3","158.3","158.3","158.3","158.3","158.3","158.3","158.3","158.3","158.3","158.3","158.3","158.3","158.3"
"1961:Q4","161.8","161.8","161.8","161.8","161.8","161.8","161.8","161.8","161.8","161.8","161.8","161.8","161.8","161.8","161.8","161.8","161.8","161.8","161.8","161.8","161.8","161.8","161.8","161.8","161.8","161.8"
"1962:Q1","164.3","164.3","164.3","164.3","164.3","164.3","164.3","164.3","164.3","164.3","164.3","164.3","164.3","164.3","164.3","164.3","164.3","164.3","164.3","164.3","164.3","164.3","164.3","164.3","164.3","164.3"
"1962:Q2","167.7","167.7","167.7","167.7","167.7","167.7","167.7","167.7","167.7","167.7","167.7","167.7","167.7","167.7","167.7","167.7","167.7","167.7","167.7","167.7","167.7","167.7","167.7","167.7","167.7","167.7"
"1962:Q3","169.9","169.9","169.9","169.9","169.9","169.9","169.9","169.9","169.9","169.9","169.9","169.9","169.9","169.9","169.9","169.9","169.9","169.9","169.9","169.9","169.9","169.9","169.9","169.9","169.9","169.9"
"1962:Q4","172.7","172.7","172.7","172.7","172.7","172.7","172.7","172.7","172.7","172.7","172.7","172.7","172.7","172.7","172.7","172.7","172.7","172.7","172.7","172.7","172.7","172.7","172.7","172.7","172.7","172.7"
"1963:Q1","174.2","174.2","174.2","174.2","174.2","174.2","174.2","174.2","174.2","174.2","174.2","174.2","174.2","174.2","174.2","174.2","174.2","174.2","174.2","174.2","174.2","174.2","174.2","174.2","174.2","174.2"
"1963:Q2","176.5","176.5","176.5","176.5","176.5","176.5","176.5","176.5","176.5","176.5","176.5","176.5","176.5","176.5","176.5","176.5","176.5","176.5","176.5","176.5","176.5","176.5","176.5","176.5","176.5","176.5"
"1963:Q3","180.1","180.1","180.1","180.1","180.1","180.1","180.1","180.1","180.1","180.1","180.1","180.1","180.1","180.1","180.1","180.1","180.1","180.1","180.1","180.1","180.1","180.1","180.1","180.1","180.1","180.1"
"1963:Q4","183.4","183.4","183.4","183.4","183.4","183.4","183.4","183.4","183.4","183.4","183.4","183.4","183.4","183.4","183.4","183.4","183.4","183.4","183.4","183.4","183.4","183.4","183.4","183.4","183.4","183.4"
"1964:Q1","187.1","187.1","187.1","187.1","187.1","187.1","187.1","187.1","187.1","187.1","187.1","187.1","187.1","187.1","187.1","187.1","187.1","187.1","187.1","187.1","187.1","187.1","187.1","187.1","187.1","187.1"
"1964:Q2","190.7","190.7","190.7","190.7","190.7","190.7","190.7","190.7","190.7","190.7","190.7","190.7","190.7","190.7","190.7","190.7","190.7","190.7","190.7","190.7","190.7","190.7","190.7","190.7","190.7","190.7"
"1964:Q3","194.3","194.3","194.3","194.3","194.3","194.3","194.3","194.3","194.3","194.3","194.3","194.3","194.3","194.3","194.3","194.3","194.3","194.3","194.3","194.3","194.3","194.3","194.3","194.3","194.3","194.3"
"1964:Q4","197.9","197.9","197.9","197.9","197.9","197.9","197.9","197.9","197.9","197.9","197.9","197.9","197.9","197.9","197.9","197.9","197.9","197.9","197.9","197.9","197.9","197.9","197.9","197.9","197.9","197.9"
"1965:Q1","201.1","201.1","201.1","201.1","201.1","201.1","201.1","201.1","201.1","201.1","201.1","201.1","201.1","201.1","201.1","201.1","201.1","201.1","201.1","201.1","201.1","201.1","201.1","201.1","201.1","201.1"
"1965:Q2","204.9","204.9","204.9","204.9","204.9","204.9","204.9","204.9","204.9","204.9","204.9","204.9","204.9","204.9","204.9","204.9","204.9","204.9","204.9","204.9","204.9","204.9","204.9","204.9","204.9","204.9"
"1965:Q3","208.5","208.5","208.5","208.5","208.5","208.5","208.5","208.5","208.5","208.5","208.5","208.5","208.5","208.5","208.5","208.5","208.5","208.5","208.5","208.5","208.5","208.5","208.5","208.5","208.5","208.5"
"1965:Q4","213.3","213.3","213.3","213.3","213.3","213.3","213.3","213.3","213.3","213.3","213.3","213.3","213.3","213.3","213.3","213.3","213.3","213.3","213.3","213.3","213.3","213.3","213.3","213.3","213.3","213.3"
"1966:Q1","216.8","216.8","216.8","216.8","216.8","216.8","216.8","216.8","216.8","216.8","216.8","216.8","216.8","216.8","216.8","216.8","216.8","216.8","216.8","216.8","216.8","216.8","216.8","216.8","216.8","216.8"
"1966:Q2","221.4","221.4","221.4","221.4","221.4","221.4","221.4","221.4","221.4","221.4","221.4","221.4","221.4","221.4","221.4","221.4","221.4","221.4","221.4","221.4","221.4","221.4","221.4","221.4","221.4","221.4"
"1966:Q3","225.5","225.5","225.5","225.5","225.5","225.5","225.5","225.5","225.5","225.5","225.5","225.5","225.5","225.5","225.5","225.5","225.5","225.5","225.5","225.5","225.5","225.5","225.5","225.5","225.5","225.5"
"1966:Q4","230.4","230.4","230.4","230.4","230.4","230.4","230.4","230.4","230.4","230.4","230.4","230.4","230.4","230.4","230.4","230.4","230.4","230.4","230.4","230.4","230.4","230.4","230.4","230.4","230.4","230.4"
"1967:Q1","234.1","234.1","234.1","234.1","234.1","234.1","234.1","234.1","234.1","234.1","234.1","234.1","234.1","234.1","234.1","234.1","234.1","234.1","234.1","234.1","234.1","234.1","234.1","234.1","234.1","234.1"
"1967:Q2","237.8","237.8","237.8","237.8","237.8","237.8","237.8","237.8","237.8","237.8","237.8","237.8","237.8","237.8","237.8","237.8","237.8","237.8","237.8","237.8","237.8","237.8","237.8","237.8","237.8","237.8"
"1967:Q3","242.7","242.7","242.7","242.7","242.7","242.7","242.7","242.7","242.7","242.7","242.7","242.7","242.7","242.7","242.7","242.7","242.7","242.7","242.7","242.7","242.7","242.7","242.7","242.7","242.7","242.7"
"1967:Q4","246.8","246.8","246.8","246.8","246.8","246.8","246.8","246.8","246.8","246.8","246.8","246.8","246.8","246.8","246.8","246.8","246.8","246.8","246.8","246.8","246.8","246.8","246.8","246.8","246.8","246.8"
"1968:Q1","253.7","253.7","253.7","253.7","253.7","253.7","253.7","253.7","253.7","253.7","253.7","253.7","253.7","253.7","253.7","253.7","253.8","253.8","253.8","253.8","253.8","253.8","253.8","253.8","253.8","253.8"
"1968:Q2","261.0","261.0","261.0","261.0","261.0","261.0","261.0","261.0","261.0","261.0","261.0","261.0","261.0","261.0","261.0","261.0","261.0","261.0","261.0","261.0","261.0","261.0","261.0","261.0","261.0","261.0"
"1968:Q3","267.5","267.5","267.5","267.5","267.5","267.5","267.5","267.5","267.5","267.5","267.5","267.5","267.5","267.5","267.5","267.5","267.5","267.5","267.5","267.5","267.5","267.5","267.5","267.5","267.5","267.5"
"1968:Q4","273.9","273.9","273.9","273.9","273.9","273.9","273.9","273.9","273.9","273.9","273.9","273.9","273.9","273.9","273.9","273.9","273.9","273.9","273.9","273.9","273.9","273.9","273.9","273.9","273.9","273.9"
"1969:Q1","279.9","279.9","279.9","279.9","279.9","279.9","279.9","279.9","279.9","279.9","279.9","279.9","279.9","279.9","279.9","279.9","279.9","279.9","279.9","279.9","279.9","279.9","279.9","279.9","279.9","279.9"
"1969:Q2","287.2","287.2","287.2","287.2","287.2","287.2","287.2","287.2","287.2","287.2","287.2","287.2","287.2","287.2","287.2","287.2","287.2","287.2","287.2","287.2","287.2","287.2","287.2","287.2","287.2","287.2"
"1969:Q3","293.3","293.3","293.3","293.3","293.3","293.3","293.3","293.3","293.3","293.3","293.3","293.3","293.3","293.3","293.3","293.3","293.3","293.3","293.3","293.3","293.3","293.3","293.3","293.3","293.3","293.3"
"1969:Q4","301.0","301.0","301.0","301.0","301.0","301.0","301.0","301.0","301.0","301.0","301.0","301.0","301.0","301.0","301.0","301.0","301.0","301.0","301.0","301.0","301.0","301.0","301.0","301.0","301.0","301.0"
"1970:Q1","308.4","308.4","308.4","308.4","308.4","308.4","308.4","308.4","308.4","308.4","308.4","308.4","308.4","308.4","308.4","308.4","308.4","308.4","308.4","308.4","308.4","308.4","308.4","308.4","308.4","308.4"
"1970:Q2","314.6","314.6","314.6","314.6","314.6","314.6","314.6","314.6","314.6","314.6","314.6","314.6","314.6","314.6","314.6","314.6","314.6","314.6","314.6","314.6","314.6","314.6","314.6","314.6","314.6","314.6"
"1970:Q3","322.1","322.1","322.1","322.1","322.1","322.1","322.1","322.1","322.1","322.1","322.1","322.1","322.1","322.1","322.1","322.1","322.1","322.1","322.1","322.1","322.1","322.1","322.1","322.1","322.1","322.1"
"1970:Q4","328.6","328.6","328.6","328.6","328.6","328.6","328.6","328.6","328.6","328.6","328.6","328.6","328.6","328.6","328.6","328.6","328.6","328.6","328.6","328.6","328.6","328.6","328.6","328.6","328.6","328.6"
"1971:Q1","335.2","335.2","335.2","335.2","335.2","335.2","335.2","335.2","335.2","335.2","335.2","335.2","335.2","335.2","335.2","335.2","335.2","335.2","335.2","335.2","335.2","335.2","335.2","335.2","335.2","335.2"
"1971:Q2","343.0","343.0","343.0","343.0","343.0","343.0","343.0","343.0","343.0","343.0","343.0","343.0","343.0","343.0","343.0","343.0","343.0","343.0","343.0","343.0","343.0","343.0","343.0","343.0","343.0","343.0"
"1971:Q3","350.9","350.9","350.9","350.9","350.9","350.9","350.9","350.9","350.9","350.9","350.9","350.9","350.9","350.9","350.9","350.9","350.9","350.9","350.9","350.9","350.9","350.9","350.9","350.9","350.9","350.9"
"1971:Q4","359.5","359.5","359.5","359.5","359.5","359.5","359.5","359.5","359.5","359.5","359.5","359.5","359.5","359.5","359.5","359.5","359.5","359.5","359.5","359.5","359.5","359.5","359.5","359.5","359.5","359.5"
"1972:Q1","370.0","370.0","370.0","370.0","370.0","370.0","370.0","370.0","370.0","370.0","370.0","370.0","370.0","370.0","370.0","370.0","370.0","370.0","370.0","370.0","370.0","370.0","370.0","370.0","370.0","370.0"
"1972:Q2","377.6","377.6","377.6","377.6","377.6","377.6","377.6","377.6","377.6","377.6","377.6","377.6","377.6","377.6","377.6","377.6","377.6","377.6","377.6","377.6","377.6","377.6","377.6","377.6","377.6","377.6"
"1972:Q3","386.8","386.8","386.8","386.8","386.8","386.8","386.8","386.8","386.8","386.8","386.8","386.8","386.8","386.8","386.8","386.8","386.8","386.8","386.8","386.8","386.8","386.8","386.8","386.8","386.8","386.8"
"1972:Q4","396.8","396.8","396.8","396.8","396.8","396.8","396.8","396.8","396.8","396.8","396.8","396.8","396.8","396.8","396.8","396.8","396.8","396.8","396.8","396.8","396.8","396.8","396.8","396.8","396.8","396.8"
"1973:Q1","406.0","406.0","406.0","406.0","406.0","406.0","406.0","406.0","406.0","406.0","406.0","406.0","406.0","406.0","406.0","406.0","406.0","406.0","406.0","406.0","406.0","406.0","406.0","406.0","406.0","406.0"
"1973:Q2","415.6","415.6","415.6","415.6","415.6","415.6","415.6","415.6","415.6","415.6","415.6","415.6","415.6","415.6","415.6","415.6","415.6","415.6","415.6","415.6","415.6","415.6","415.6","415.6","415.6","415.6"
"1973:Q3","425.9","425.9","425.9","425.9","425.9","425.9","425.9","425.9","425.9","425.9","425.9","425.9","425.9","425.9","425.9","425.9","425.9","425.9","425.9","425.9","425.9","425.9","425.9","425.9","425.9","425.9"
"1973:Q4","435.5","435.5","435.5","435.5","435.5","435.5","435.5","435.5","435.5","435.5","435.5","435.5","435.5","435.5","435.5","435.5","435.5","435.5","435.5","435.5","435.5","435.5","435.5","435.5","435.5","435.5"
"1974:Q1","443.5","443.5","443.5","443.5","443.5","443.5","443.5","443.5","443.5","443.5","443.5","443.5","443.5","443.5","443.5","443.5","443.5","443.5","443.5","443.5","443.5","443.5","443.5","443.5","443.5","443.5"
"1974:Q2","458.1","458.1","458.1","458.1","458.1","458.1","458.1","458.1","458.1","458.1","458.1","458.1","458.1","458.1","458.1","458.1","458.1","458.1","458.1","458.1","458.1","458.1","458.1","458.1","458.1","458.1"
"1974:Q3","471.4","471.4","471.4","471.4","471.4","471.4","471.4","471.4","471.4","471.4","471.4","471.4","471.4","471.4","471.4","471.4","471.4","471.4","471.4","471.4","471.4","471.4","471.4","471.4","471.4","471.4"
"1974:Q4","486.8","486.8","486.8","486.8","486.8","486.8","486.8","486.8","486.8","486.8","486.8","486.8","486.8","486.8","486.8","486.8","486.8","486.8","486.8","486.8","486.8","486.8","486.8","486.8","486.8","486.8"
"1975:Q1","502.8","502.8","502.8","502.8","502.8","502.8","502.8","502.8","502.8","502.8","502.8","502.8","502.8","502.8","502.8","502.8","502.8","502.8","502.8","502.8","502.8","502.8","502.8","502.8","502.8","502.8"
"1975:Q2","517.7","517.7","517.7","517.7","517.7","517.7","517.7","517.7","517.7","517.7","517.7","517.7","517.7","517.7","517.7","517.7","517.7","517.7","517.7","517.7","517.7","517.7","517.7","517.7","517.7","517.7"
"1975:Q3","529.5","529.5","529.5","529.5","529.5","529.5","529.5","529.5","529.5","529.5","529.5","529.5","529.5","529.5","529.5","529.5","529.5","529.5","529.5","529.5","529.5","529.5","529.5","529.5","529.5","529.5"
"1975:Q4","547.6","547.6","547.6","547.6","547.6","547.6","547.6","547.6","547.6","547.6","547.6","547.6","547.6","547.6","547.6","547.6","547.6","547.6","547.6","547.6","547.6","547.6","547.6","547.6","547.6","547.6"
"1976:Q1","562.7","562.7","562.7","562.7","562.7","562.7","562.7","562.7","562.7","562.7","562.7","562.7","562.7","562.7","562.7","562.7","562.7","562.7","562.7","562.7","562.7","562.7","562.7","562.7","562.7","562.7"
"1976:Q2","574.2","574.2","574.2","574.2","574.2","574.2","574.2","574.2","574.2","574.2","574.2","574.2","574.2","574.2","574.2","574.2","574.2","574.2","574.2","574.2","574.2","574.2","574.2","574.2","574.2","574.2"
"1976:Q3","592.0","592.0","592.0","592.0","592.0","592.0","592.0","592.0","592.0","592.0","592.0","592.0","592.0","592.0","592.0","592.0","592.0","592.0","592.0","592.0","592.0","592.0","592.0","592.0","592.0","592.0"
"1976:Q4","610.6","610.6","610.6","610.6","610.6","610.6","610.6","610.6","610.6","610.6","610.6","610.6","610.6","610.6","610.6","610.6","610.6","610.6","610.6","610.6","610.6","610.6","610.6","610.6","610.6","610.6"
"1977:Q1","630.2","630.2","630.2","630.2","630.2","630.2","630.2","630.2","630.2","630.2","630.2","630.2","630.2","630.2","630.2","630.2","630.2","630.2","630.2","630.2","630.2","630.2","630.2","630.2","630.2","630.2"
"1977:Q2","645.7","645.7","645.7","645.7","645.7","645.7","645.7","645.7","645.7","645.7","645.7","645.7","645.7","645.7","645.7","645.7","645.7","645.7","645.7","645.7","645.7","645.7","645.7","645.7","645.7","645.7"
"1977:Q3","665.0","665.0","665.0","665.0","665.0","665.0","665.0","665.0","665.0","665.0","665.0","665.0","665.0","665.0","665.0","665.0","665.1","665.1","665.1","665.1","665.1","665.1","665.1","665.1","665.1","665.1"
"1977:Q4","681.7","681.7","681.7","681.7","681.7","681.7","681.7","681.7","681.7","681.7","681.7","681.7","681.7","681.7","681.7","681.7","681.7","681.7","681.7","681.7","681.7","681.7","681.7","681.7","681.7","681.7"
"1978:Q1","706.3","706.3","706.3","706.3","706.3","706.3","706.3","706.3","706.3","706.3","706.3","706.3","706.3","706.3","706.3","706.3","706.3","706.3","706.3","706.3","706.3","706.3","706.3","706.3","706.3","706.3"
"1978:Q2","731.6","731.6","731.6","731.6","731.6","731.6","731.6","731.6","731.6","731.6","731.6","731.6","731.6","731.6","731.6","731.6","731.6","731.6","731.6","731.6","731.6","731.6","731.6","731.6","731.6","731.6"
"1978:Q3","750.6","750.6","750.6","750.6","750.6","750.6","750.6","750.6","750.6","750.6","750.6","750.6","750.6","750.6","750.6","750.6","750.6","750.6","750.6","750.6","750.6","750.6","750.6","750.6","750.6","750.6"
"1978:Q4","769.8","769.8","769.8","769.8","769.8","769.8","769.8","769.8","769.8","769.8","769.8","769.8","769.8","769.8","769.8","769.8","769.8","769.8","769.8","769.8","769.8","769.8","769.8","769.8","769.8","769.8"
"1979:Q1","787.8","787.8","787.8","787.8","787.8","787.8","787.8","787.8","787.8","787.8","787.8","787.8","787.8","787.8","787.8","787.8","787.8","787.8","787.8","787.8","787.8","787.8","787.8","787.8","787.8","787.8"
"1979:Q2","813.5","813.5","813.5","813.5","813.5","813.5","813.5","813.5","813.5","813.5","813.5","813.5","813.5","813.5","813.5","813.5","813.5","813.5","813.5","813.5","813.5","813.5","813.5","813.5","813.5","813.5"
"1979:Q3","836.8","836.8","836.8","836.8","836.8","836.8","836.8","836.8","836.8","836.8","836.8","836.8","836.8","836.8","836.8","836.8","836.8","836.8","836.8","836.8","836.8","836.8","836.8","836.8","836.8","836.8"
"1979:Q4","863.7","863.7","863.7","863.7","863.7","863.7","863.7","863.7","863.7","863.7","863.7","863.7","863.7","863.7","863.7","863.7","863.7","863.7","863.7","863.7","863.7","863.7","863.7","863.7","863.7","863.7"
"1980:Q1","885.8","885.8","885.8","885.8","885.8","885.8","885.8","885.8","885.8","885.8","885.8","885.8","885.8","885.8","885.8","885.8","886.2","886.2","886.2","886.2","886.2","886.2","886.2","886.2","886.2","886.2"
"1980:Q2","900.9","900.9","900.9","900.9","900.9","900.9","900.9","900.9","900.9","900.9","900.9","900.9","900.9","900.9","900.9","900.9","901.6","901.6","901.6","901.6","901.6","901.6","901.6","901.6","901.6","901.6"
"1980:Q3","934.5","934.5","934.5","934.5","934.5","934.5","934.5","934.5","934.5","934.5","934.5","934.5","934.5","934.5","934.5","934.5","935.3","935.3","935.3","935.3","935.3","935.3","935.3","935.3","935.3","935.3"
"1980:Q4","975.3","975.3","975.3","975.3","975.3","975.3","975.3","975.3","975.3","975.3","975.3","975.3","975.3","975.3","975.3","975.3","976.0","976.0","976.0","976.0","976.0","976.0","976.0","976.0","976.0","976.0"
"1981:Q1","997.8","997.8","997.8","997.8","997.8","997.8","997.8","997.8","997.8","997.8","997.8","997.8","997.8","997.8","997.8","997.8","998.1","998.1","998.1","998.1","998.1","998.1","998.1","998.1","998.1","998.1"
"1981:Q2","1024.6","1024.6","1024.6","1024.6","1024.6","1024.6","1024.6","1024.6","1024.6","1024.6","1024.6","1024.6","1024.6","1024.6","1024.6","1024.6","1024.6","1024.6","1024.6","1024.6","1024.6","1024.6","1024.6","1024.6","1024.6","1024.6"
"1981:Q3","1045.7","1045.7","1045.7","1045.7","1045.7","1045.7","1045.7","1045.7","1045.7","1045.7","1045.7","1045.7","1045.7","1045.7","1045.7","1045.7","1045.7","1045.7","1045.7","1045.7","1045.7","1045.7","1045.7","1045.7","1045.7","1045.7"
"1981:Q4","1067.5","1067.5","1067.5","1067.5","1067.5","1067.5","1067.5","1067.5","1067.5","1067.5","1067.5","1067.5","1067.5","1067.5","1067.5","1067.5","1067.6","1067.6","1067.6","1067.6","1067.6","1067.6","1067.6","1067.6","1067.6","1067.6"
"1982:Q1","1090.9","1090.9","1090.9","1090.9","1090.9","1090.9","1090.9","1090.9","1090.9","1090.9","1090.9","1090.9","1090.9","1090.9","1090.9","1090.9","1091.3","1091.3","1091.3","1091.3","1091.3","1091.3","1091.3","1091.3","1091.3","1091.3"
"1982:Q2","1115.2","1115.2","1115.2","1115.2","1115.2","1115.2","1115.2","1115.2","1115.2","1115.2","1115.2","1115.2","1115.2","1115.2","1115.2","1115.2","1115.7","1115.7","1115.7","1115.7","1115.7","1115.7","1115.7","1115.7","1115.7","1115.7"
"1982:Q3","1148.3","1148.3","1148.3","1148.3","1148.3","1148.3","1148.3","1148.3","1148.3","1148.3","1148.3","1148.3","1148.3","1148.3","1148.3","1148.3","1148.9","1148.9","1148.9","1148.9","1148.9","1148.9","1148.9","1148.9","1148.9","1148.9"
"1982:Q4","1190.1","1190.1","1190.1","1190.1","1190.1","1190.1","1190.1","1190.1","1190.1","1190.1","1190.1","1190.1","1190.1","1190.1","1190.1","1190.1","1190.7","1190.7","1190.7","1190.7","1190.7","1190.7","1190.7","1190.7","1190.7","1190.7"
"1983:Q1","1224.7","1224.7","1224.7","1224.7","1224.7","1224.7","1224.7","1224.7","1224.7","1224.7","1224.7","1224.7","1224.7","1224.7","1224.7","1224.7","1225.1","1225.1","1225.1","1225.1","1225.1","1225.1","1225.1","1225.1","1225.1","1225.1"
"1983:Q2","1251.6","1251.6","1251.6","1251.6","1251.6","1251.6","1251.6","1251.6","1251.6","1251.6","1251.6","1251.6","1251.6","1251.6","1251.6","1251.6","1251.8","1251.8","1251.8","1251.8","1251.8","1251.8","1251.8","1251.8","1251.8","1251.8"
"1983:Q3","1292.5","1292.5","1292.5","1292.5","1292.5","1292.5","1292.5","1292.5","1292.5","1292.5","1292.5","1292.5","1292.5","1292.5","1292.5","1292.5","1292.5","1292.5","1292.5","1292.5","1292.5","1292.5","1292.5","1292.5","1292.5","1292.5"
"1983:Q4","1318.8","1318.8","1318.8","1318.8","1318.8","1318.8","1318.8","1318.8","1318.8","1318.8","1318.8","1318.8","1318.8","1318.8","1318.8","1318.8","1318.5","1318.5","1318.5","1318.5","1318.5","1318.5","1318.5","1318.5","1318.5","1318.5"
"1984:Q1","1342.3","1342.3","1342.3","1342.3","1342.3","1342.3","1342.3","1342.3","1342.3","1342.3","1342.3","1342.3","1342.3","1342.3","1342.3","1342.3","1341.7","1341.7","1341.7","1341.7","1341.7","1341.7","1341.7","1341.7","1341.7","1341.7"
"1984:Q2","1373.4","1373.4","1373.4","1373.4","1373.4","1373.4","1373.4","1373.4","1373.4","1373.4","1373.4","1373.4","1373.4","1373.4","1373.4","1373.4","1372.7","1372.7","1372.7","1372.7","1372.7","1372.7","1372.7","1372.7","1372.7","1372.7"
"1984:Q3","1407.9","1407.9","1407.9","1407.9","1407.9","1407.9","1407.9","1407.9","1407.9","1407.9","1407.9","1407.9","1407.9","1407.9","1407.9","1407.9","1407.1","1407.1","1407.1","1407.1","1407.1","1407.1","1407.1","1407.1","1407.1","1407.1"
"1984:Q4","1435.6","1435.6","1435.6","1435.6","1435.6","1435.6","1435.6","1435.6","1435.6","1435.6","1435.6","1435.6","1435.6","1435.6","1435.6","1435.6","1434.8","1434.8","1434.8","1434.8","1434.8","1434.8","1434.8","1434.8","1434.8","1434.8"
"1985:Q1","1484.0","1484.0","1484.0","1484.0","1484.0","1484.0","1484.0","1484.0","1484.0","1484.0","1484.0","1484.0","1484.0","1484.0","1484.0","1484.0","1486.7","1486.7","1486.7","1486.7","1486.7","1486.7","1486.7","1486.7","1486.7","1486.7"
"1985:Q2","1511.6","1511.6","1511.6","1511.6","1511.6","1511.6","1511.6","1511.6","1511.6","1511.6","1511.6","1511.6","1511.6","1511.6","1511.6","1511.6","1517.7","1517.7","1517.7","1517.7","1517.7","1517.7","1517.7","1517.7","1517.7","1517.7"
"1985:Q3","1548.2","1548.2","1548.2","1548.2","1548.2","1548.2","1548.2","1548.2","1548.2","1548.2","1548.2","1548.2","1548.2","1548.2","1548.2","1548.2","1559.5","1559.5","1559.5","1559.5","1559.5","1559.5","1559.5","1559.5","1559.5","1559.5"
"1985:Q4","1574.9","1574.9","1574.9","1574.9","1574.9","1574.9","1574.9","1574.9","1574.9","1574.9","1574.9","1574.9","1574.9","1574.9","1574.9","1574.9","1584.7","1584.7","1584.7","1584.7","1584.7","1584.7","1584.7","1584.7","1584.7","1584.7"
"1986:Q1","1602.8","1602.8","1602.8","1602.8","1602.8","1602.8","1602.8","1602.8","1602.8","1602.8","1602.8","1602.8","1602.8","1602.8","1602.8","1602.8","1613.1","1613.1","1613.1","1613.1","1613.1","1613.1","1613.1","1613.1","1613.1","1613.1"
"1986:Q2","1628.9","1628.9","1628.9","1628.9","1628.9","1628.9","1628.9","1628.9","1628.9","1628.9","1628.9","1628.9","1628.9","1628.9","1628.9","1628.9","1635.5","1635.5","1635.5","1635.5","1635.5","1635.5","1635.5","1635.5","1635.5","1635.5"
"1986:Q3","1657.9","1657.9","1657.9","1657.9","1657.9","1657.9","1657.9","1657.9","1657.9","1657.9","1657.9","1657.9","1657.9","1657.9","1657.9","1657.9","1659.7","1659.7","1659.7","1659.7","1659.7","1659.7","1659.7","1659.7","1659.7","1659.7"
"1986:Q4","1693.4","1693.4","1693.4","1693.4","1693.4","1693.4","1693.4","1693.4","1693.4","1693.4","1693.4","1693.4","1693.4","1693.4","1693.4","1693.4","1692.3","1692.3","1692.3","1692.3","1692.3","1692.3","1692.3","1692.3","1692.3","1692.3"
"1987:Q1","1731.8","1731.8","1731.8","1731.8","1731.8","1731.8","1731.8","1731.8","1731.8","1731.8","1731.8","1731.8","1731.8","1731.8","1731.8","1731.8","1728.1","1728.1","1728.1","1728.1","1728.1","1728.1","1728.1","1728.1","1728.1","1728.1"
"1987:Q2","1763.0","1763.0","1763.0","1763.0","1763.0","1763.0","1763.0","1763.0","1763.0","1763.0","1763.0","1763.0","1763.0","1763.0","1763.0","1763.0","1762.7","1762.7","1762.7","1762.7","1762.7","1762.7","1762.7","1762.7","1762.7","1762.7"
"1987:Q3","1797.8","1797.8","1797.8","1797.8","1797.8","1797.8","1797.8","1797.8","1797.8","1797.8","1797.8","1797.8","1797.8","1797.8","1797.8","1797.8","1795.9","1795.9","1795.9","1795.9","1795.9","1795.9","1795.9","1795.9","1795.9","1795.9"
"1987:Q4","1835.9","1835.9","1835.9","1835.9","1835.9","1835.9","1835.9","1835.9","1835.9","1835.9","1835.9","1835.9","1835.9","1835.9","1835.9","1835.9","1833.6","1833.6","1833.6","1833.6","1833.6","1833.6","1833.6","1833.6","1833.6","1833.6"
"1988:Q1","1881.1","1881.1","1881.1","1881.1","1881.1","1881.1","1881.1","1881.1","1881.1","1881.1","1881.1","1881.1","1881.1","1881.1","1881.1","1881.1","1879.8","1879.8","1879.8","1879.8","1879.8","1879.8","1879.8","1879.8","1879.8","1879.8"
"1988:Q2","1920.5","1920.5","1920.5","1920.5","1920.5","1920.5","1920.5","1920.5","1920.5","1920.5","1920.5","1920.5","1920.5","1920.5","1920.5","1920.5","1919.8","1919.8","1919.8","1919.8","1919.8","1919.8","1919.8","1919.8","1919.8","1919.8"
"1988:Q3","1971.2","1971.2","1971.2","1971.2","1971.2","1971.2","1971.2","1971.2","1971.2","1971.2","1971.2","1971.2","1971.2","1971.2","1971.2","1971.2","1972.7","1972.7","1972.7","1972.7","1972.7","1972.7","1972.7","1972.7","1972.7","1972.7"
"1988:Q4","2011.2","2011.2","2011.2","2011.2","2011.2","2011.2","2011.2","2011.2","2011.2","2011.2","2011.2","2011.2","2011.2","2011.2","2011.2","2011.2","2012.8","2012.8","2012.8","2012.8","2012.8","2012.8","2012.8","2012.8","2012.8","2012.8"
"1989:Q1","2049.4","2049.4","2049.4","2049.4","2049.4","2049.4","2049.4","2049.4","2049.4","2049.4","2049.4","2049.4","2049.4","2049.4","2049.4","2049.4","2051.4","2051.4","2051.4","2051.4","2051.4","2051.4","2051.4","2051.4","2051.4","2051.4"
"1989:Q2","2077.7","2077.7","2077.7","2077.7","2077.7","2077.7","2077.7","2077.7","2077.7","2077.7","2077.7","2077.7","2077.7","2077.7","2077.7","2077.7","2081.0","2081.0","2081.0","2081.0","2081.0","2081.0","2081.0","2081.0","2081.0","2081.0"
"1989:Q3","2112.1","2112.1","2112.1","2112.1","2112.1","2112.1","2112.1","2112.1","2112.1","2112.1","2112.1","2112.1","2112.1","2112.1","2112.1","2112.1","2114.6","2114.6","2114.6","2114.6","2114.6","2114.6","2114.6","2114.6","2114.6","2114.6"
"1989:Q4","2156.6","2156.6","2156.6","2156.6","2156.6","2156.6","2156.6","2156.6","2156.6","2156.6","2156.6","2156.6","2156.6","2156.6","2156.6","2156.6","2156.9","2156.9","2156.9","2156.9","2156.9","2156.9","2156.9","2156.9","2156.9","2156.9"
"1990:Q1","2194.0","2194.0","2194.0","2194.0","2194.0","2194.0","2194.0","2194.0","2194.0","2194.0","2194.0","2194.0","2194.0","2194.0","2194.0","2194.0","2193.5","2193.5","2193.5","2193.5","2193.5","2193.5","2193.5","2193.5","2193.5","2193.5"
"1990:Q2","2254.2","2254.2","2254.2","2254.2","2254.2","2254.2","2254.2","2254.2","2254.2","2254.2","2254.2","2254.2","2254.2","2254.2","2254.2","2254.2","2246.2","2246.2","2246.2","2246.2","2246.2","2246.2","2246.2","2246.2","2246.2","2246.2"
"1990:Q3","2296.7","2296.7","2296.7","2296.7","2296.7","2296.7","2296.7","2296.7","2296.7","2296.7","2296.7","2296.7","2296.7","2296.7","2296.7","2296.7","2288.6","2288.6","2288.6","2288.6","2288.6","2288.6","2288.6","2288.6","2288.6","2288.6"
"1990:Q4","2313.3","2313.3","2313.3","2313.3","2313.3","2313.3","2313.3","2313.3","2313.3","2313.3","2313.3","2313.3","2313.3","2313.3","2313.3","2313.3","2305.5","2305.5","2305.5","2305.5","2305.5","2305.5","2305.5","2305.5","2305.5","2305.5"
"1991:Q1","2341.4","2341.4","2341.4","2341.4","2341.4","2341.4","2341.4","2341.4","2341.4","2341.4","2341.4","2341.4","2341.4","2341.4","2341.4","2341.4","2325.8","2325.8","2325.8","2325.8","2325.8","2325.8","2325.8","2325.8","2325.8","2325.8"
"1991:Q2","2382.7","2382.7","2382.7","2382.7","2382.7","2382.7","2382.7","2382.7","2382.7","2382.7","2382.7","2382.7","2382.7","2382.7","2382.7","2382.7","2367.2","2367.2","2367.2","2367.2","2367.2","2367.2","2367.2","2367.2","2367.2","2367.2"
"1991:Q3","2415.2","2415.2","2415.2","2415.2","2415.2","2415.2","2415.2","2415.2","2415.2","2415.2","2415.2","2415.2","2415.2","2415.2","2415.2","2415.2","2400.3","2400.3","2400.3","2400.3","2400.3","2400.3","2400.3","2400.3","2400.3","2400.3"
"1991:Q4","2454.3","2454.3","2454.3","2454.3","2454.3","2454.3","2454.3","2454.3","2454.3","2454.3","2454.3","2454.3","2454.3","2454.3","2454.3","2454.3","2437.1","2437.1","2437.1","2437.1","2437.1","2437.1","2437.1","2437.1","2437.1","2437.1"
"1992:Q1","2517.4","2517.4","2517.4","2517.4","2517.4","2517.4","2517.4","2517.4","2517.4","2517.4","2517.4","2517.4","2517.4","2517.4","2517.4","2517.4","2499.3","2499.3","2499.3","2499.3","2499.3","2499.3","2499.3","2499.3","2499.3","2499.3"
"1992:Q2","2553.8","2553.8","2553.8","2553.8","2553.8","2553.8","2553.8","2553.8","2553.8","2553.8","2553.8","2553.8","2553.8","2553.8","2553.8","2553.8","2538.1","2538.1","2538.1","2538.1","2538.1","2538.1","2538.1","2538.1","2538.1","2538.1"
"1992:Q3","2600.6","2600.6","2600.6","2600.6","2600.6","2600.6","2600.6","2600.6","2600.6","2600.6","2600.6","2600.6","2600.6","2600.6","2600.6","2600.6","2582.7","2582.7","2582.7","2582.7","2582.7","2582.7","2582.7","2582.7","2582.7","2582.7"
"1992:Q4","2653.3","2653.3","2653.3","2653.3","2653.3","2653.3","2653.3","2653.3","2653.3","2653.3","2653.3","2653.3","2653.3","2653.3","2653.3","2653.3","2637.7","2637.7","2637.7","2637.7","2637.7","2637.7","2637.7","2637.7","2637.7","2637.7"
"1993:Q1","2684.5","2684.5","2684.5","2684.5","2684.5","2684.5","2684.5","2684.5","2684.5","2684.5","2684.5","2684.5","2684.5","2684.5","2684.5","2684.5","2672.7","2672.7","2672.7","2672.7","2672.7","2672.7","2672.7","2672.7","2672.7","2672.7"
"1993:Q2","2724.2","2724.2","2724.2","2724.2","2724.2","2724.2","2724.2","2724.2","2724.2","2724.2","2724.2","2724.2","2724.2","2724.2","2724.2","2724.2","2714.1","2714.1","2714.1","2714.1","2714.1","2714.1","2714.1","2714.1","2714.1","2714.1"
"1993:Q3","2772.1","2772.1","2772.1","2772.1","2772.1","2772.1","2772.1","2772.1","2772.1","2772.1","2772.1","2772.1","2772.1","2772.1","2772.1","2772.1","2766.4","2766.4","2766.4","2766.4","2766.4","2766.4","2766.4","2766.4","2766.4","2766.4"
"1993:Q4","2805.7","2805.7","2805.7","2805.7","2805.7","2805.7","2805.7","2805.7","2805.7","2805.7","2805.7","2805.7","2805.7","2805.7","2805.7","2805.7","2801.2","2801.2","2801.2","2801.2","2801.2","2801.2","2801.2","2801.2","2801.2","2801.2"
"1994:Q1","2846.4","2846.4","2846.4","2846.4","2846.4","2846.4","2846.4","2846.4","2846.4","2846.4","2846.4","2846.4","2846.4","2846.4","2846.4","2846.4","2841.4","2841.4","2841.4","2841.4","2841.4","2841.4","2841.4","2841.4","2841.4","2841.4"
"1994:Q2","2882.1","2882.1","2882.1","2882.1","2882.1","2882.1","2882.1","2882.1","2882.1","2882.1","2882.1","2882.1","2882.1","2882.1","2882.1","2882.1","2879.7","2879.7","2879.7","2879.7","2879.7","2879.7","2879.7","2879.7","2879.7","2879.7"
"1994:Q3","2923.4","2923.4","2923.4","2923.4","2923.4","2923.4","2923.4","2923.4","2923.4","2923.4","2923.4","2923.4","2923.4","2923.4","2923.4","2923.4","2914.8","2914.8","2914.8","2914.8","2914.8","2914.8","2914.8","2914.8","2914.8","2914.8"
"1994:Q4","2955.7","2955.7","2955.7","2955.7","2955.7","2955.7","2955.7","2955.7","2955.7","2955.7","2955.7","2955.7","2955.7","2955.7","2955.7","2955.7","2950.9","2950.9","2950.9","2950.9","2950.9","2950.9","2950.9","2950.9","2950.9","2950.9"
"1995:Q1","2995.4","2995.4","2995.4","2995.4","2995.4","2995.4","2995.4","2995.4","2995.4","2995.4","2995.4","2995.4","2995.4","2995.4","2995.4","2995.4","2994.8","2994.8","2994.8","2994.8","2994.8","2994.8","2994.8","2994.8","2994.8","2994.8"
"1995:Q2","3047.1","3047.1","3047.1","3047.1","3047.1","3047.1","3047.1","3047.1","3047.1","3047.1","3047.1","3047.1","3047.1","3047.1","3047.1","3047.1","3049.3","3049.3","3049.3","3049.3","3049.3","3049.3","3049.3","3049.3","3049.3","3049.3"
"1995:Q3","3089.1","3089.1","3089.1","3089.1","3089.1","3089.1","3089.1","3089.1","3089.1","3089.1","3089.1","3089.1","3089.1","3089.1","3089.1","3089.1","3091.5","3091.5","3091.5","3091.5","3091.5","3091.5","3091.5","3091.5","3091.5","3091.5"
"1995:Q4","3126.7","3126.7","3126.7","3126.7","3126.7","3126.7","3126.7","3126.7","3126.7","3126.7","3126.7","3126.7","3126.7","3126.7","3126.7","3126.7","3129.7","3129.7","3129.7","3129.7","3129.7","3129.7","3129.7","3129.7","3129.7","3129.7"
"1996:Q1","3172.2","3172.2","3172.2","3172.2","3172.2","3172.2","3172.2","3172.2","3172.2","3172.2","3172.2","3172.2","3172.2","3172.2","3172.2","3172.2","3174.7","3174.7","3174.7","3174.7","3174.7","3174.7","3174.7","3174.7","3174.7","3174.7"
"1996:Q2","3216.7","3216.7","3216.7","3216.7","3216.7","3216.7","3216.7","3216.7","3216.7","3216.7","3216.7","3216.7","3216.7","3216.7","3216.7","3216.7","3217.7","3217.7","3217.7","3217.7","3217.7","3217.7","3217.7","3217.7","3217.7","3217.7"
"1996:Q3","3260.9","3260.9","3260.9","3260.9","3260.9","3260.9","3260.9","3260.9","3260.9","3260.9","3260.9","3260.9","3260.9","3260.9","3260.9","3260.9","3260.5","3260.5","3260.5","3260.5","3260.5","3260.5","3260.5","3260.5","3260.5","3260.5"
"1996:Q4","3311.1","3311.1","3311.1","3311.1","3311.1","3311.1","3311.1","3311.1","3311.1","3311.1","3311.1","3311.1","3311.1","3311.1","3311.1","3311.1","3308.5","3308.5","3308.5","3308.5","3308.5","3308.5","3308.5","3308.5","3308.5","3308.5"
"1997:Q1","3369.6","3369.6","3369.6","3369.6","3369.6","3369.6","3369.6","3369.6","3369.6","3369.6","3369.6","3369.6","3369.6","3369.6","3369.6","3369.6","3365.5","3365.5","3365.5","3365.5","3365.5","3365.5","3365.5","3365.5","3365.5","3365.5"
"1997:Q2","3419.4","3419.4","3419.4","3419.4","3419.4","3419.4","3419.4","3419.4","3419.4","3419.4","3419.4","3419.4","3419.4","3419.4","3419.4","3419.4","3417.0","3417.0","3417.0","3417.0","3417.0","3417.0","3417.0","3417.0","3417.0","3417.0"
"1997:Q3","3480.9","3480.9","3480.9","3480.9","3480.9","3480.9","3480.9","3480.9","3480.9","3480.9","3480.9","3480.9","3480.9","3480.9","3480.9","3480.9","3477.8","3477.8","3477.8","3477.8","3477.8","3477.8","3477.8","3477.8","3477.8","3477.8"
"1997:Q4","3536.6","3536.6","3536.6","3536.6","3536.6","3536.6","3536.6","3536.6","3536.6","3536.6","3536.6","3536.6","3536.6","3536.6","3536.6","3536.6","3533.1","3533.1","3533.1","3533.1","3533.1","3533.1","3533.1","3533.1","3533.1","3533.1"
"1998:Q1","3590.2","3590.2","3590.2","3590.2","3590.2","3590.2","3590.2","3590.2","3590.2","3590.2","3590.2","3590.2","3590.2","3590.2","3590.2","3590.2","3586.2","3586.2","3586.2","3586.2","3586.2","3586.2","3586.2","3586.2","3586.2","3586.2"
"1998:Q2","3651.2","3651.2","3651.2","3651.2","3651.2","3651.2","3651.2","3651.2","3651.2","3651.2","3651.2","3651.2","3651.2","3651.2","3651.2","3651.2","3647.1","3647.1","3647.1","3647.1","3647.1","3647.1","3647.1","3647.1","3647.1","3647.1"
"1998:Q3","3711.9","3711.9","3711.9","3711.9","3711.9","3711.9","3711.9","3711.9","3711.9","3711.9","3711.9","3711.9","3711.9","3711.9","3711.9","3711.9","3705.6","3705.6","3705.6","3705.6","3705.6","3705.6","3705.6","3705.6","3705.6","3705.6"
"1998:Q4","3756.7","3756.7","3756.7","3756.7","3756.7","3756.7","3756.7","3756.7","3756.7","3756.7","3756.7","3756.7","3756.7","3756.7","3756.7","3756.7","3743.2","3743.2","3743.2","3743.2","3743.2","3743.2","3743.2","3743.2","3743.2","3743.2"
"1999:Q1","3810.0","3810.0","3810.0","3810.0","3810.0","3810.0","3810.0","3810.0","3810.0","3810.0","3810.0","3810.0","3810.0","3810.0","3810.0","3810.0","3796.6","3796.6","3796.6","3796.6","3791.0","3791.0","3791.0","3791.0","3791.0","3791.0"
"1999:Q2","3871.0","3871.0","3871.0","3871.0","3871.0","3871.0","3871.0","3871.0","3871.0","3871.0","3871.0","3871.0","3871.0","3871.0","3871.0","3871.0","3854.2","3854.2","3854.2","3854.2","3844.1","3844.1","3844.1","3844.1","3844.1","3844.1"
"1999:Q3","3937.7","3937.7","3937.7","3937.7","3937.7","3937.7","3937.7","3937.7","3937.7","3937.7","3937.7","3937.7","3937.7","3937.7","3937.7","3937.7","3920.9","3920.9","3920.9","3920.9","3906.7","3906.7","3906.7","3906.7","3906.7","3906.7"
"1999:Q4","4010.9","4010.9","4010.9","4010.9","4010.9","4010.9","4010.9","4010.9","4010.9","4010.9","4010.9","4010.9","4010.9","4010.9","4010.9","4010.9","3995.9","3995.9","3995.9","3995.9","3986.3","3986.3","3986.3","3986.3","3986.3","3986.3"
"2000:Q1","4108.4","4108.4","4108.4","4108.4","4108.4","4108.4","4108.4","4108.4","4108.4","4108.4","4108.4","4108.4","4108.4","4108.4","4108.4","4108.4","4090.7","4090.7","4090.7","4090.7","4080.6","4080.6","4080.6","4080.6","4080.6","4080.6"
"2000:Q2","4171.4","4171.4","4171.4","4171.4","4171.4","4171.4","4171.4","4171.4","4171.4","4171.4","4171.4","4171.4","4171.4","4171.4","4171.4","4171.4","4154.2","4154.2","4154.2","4154.2","4146.2","4146.2","4146.2","4146.2","4146.2","4146.2"
"2000:Q3","4238.4","4238.4","4238.4","4238.4","4238.4","4238.4","4238.4","4238.4","4238.4","4238.4","4238.4","4238.4","4238.4","4238.4","4238.4","4238.4","4225.3","4225.3","4225.3","4225.3","4215.8","4215.8","4215.8","4215.8","4215.8","4215.8"
"2000:Q4","4305.3","4305.3","4305.3","4305.3","4305.3","4305.3","4305.3","4305.3","4305.3","4305.3","4305.3","4305.3","4305.3","4305.3","4305.3","4305.3","4292.7","4292.7","4292.7","4292.7","4283.3","4283.3","4283.3","4283.3","4283.3","4283.3"
"2001:Q1","4371.5","4371.5","4371.5","4371.5","4371.5","4371.5","4371.5","4371.5","4371.5","4371.5","4371.5","4371.5","4371.5","4371.5","4371.5","4371.5","4353.9","4353.9","4353.9","4353.9","4349.0","4349.0","4349.0","4349.0","4349.0","4349.0"
"2001:Q2","4415.4","4415.4","4415.4","4415.4","4415.4","4415.4","4415.4","4415.4","4415.4","4415.4","4415.4","4415.4","4415.4","4415.4","4415.4","4415.4","4390.6","4390.6","4390.6","4390.6","4384.7","4384.7","4384.7","4384.7","4384.7","4384.7"
"2001:Q3","4438.4","4438.4","4438.4","4438.4","4438.4","4438.4","4438.4","4438.4","4438.4","4438.4","4438.4","4438.4","4438.4","4438.4","4438.4","4438.4","4410.6","4410.6","4410.6","4410.6","4406.6","4406.6","4406.6","4406.6","4406.6","4406.6"
"2001:Q4","4489.1","4489.1","4489.1","4489.1","4489.1","4489.1","4489.1","4489.1","4489.1","4489.1","4489.1","4489.1","4489.1","4489.1","4489.1","4489.1","4455.1","4455.1","4455.1","4455.1","4454.8","4454.8","4454.8","4454.8","4454.8","4454.8"
"2002:Q1","4543.1","4543.1","4543.1","4543.1","4543.1","4543.1","4543.1","4543.1","4543.1","4543.1","4543.1","4543.1","4543.1","4543.1","4543.1","4543.1","4504.2","4504.2","4504.2","4504.2","4502.4","4502.4","4502.4","4502.4","4502.4","4502.4"
"2002:Q2","4601.3","4601.3","4601.3","4601.3","4601.3","4601.3","4601.3","4601.3","4601.3","4601.3","4601.3","4601.3","4601.3","4601.3","4601.3","4601.3","4564.0","4564.0","4564.0","4564.0","4560.5","4560.5","4560.5","4560.5","4560.5","4560.5"
"2002:Q3","4650.5","4650.5","4650.5","4650.5","4650.5","4650.5","4650.5","4650.5","4650.5","4650.5","4650.5","4650.5","4650.5","4650.5","4650.5","4650.5","4615.2","4615.2","4615.2","4615.2","4610.8","4610.8","4610.8","4610.8","4610.8","4610.8"
"2002:Q4","4702.0","4702.0","4702.0","4702.0","4702.0","4702.0","4702.0","4702.0","4702.0","4702.0","4702.0","4702.0","4702.0","4702.0","4702.0","4702.0","4670.2","4670.2","4670.2","4670.2","4674.8","4674.8","4674.8","4674.8","4674.8","4674.8"
"2003:Q1","4760.0","4760.0","4760.0","4760.0","4760.0","4760.0","4760.0","4760.0","4760.6","4760.6","4760.6","4760.6","4760.6","4760.6","4760.6","4760.6","4731.8","4731.8","4731.8","4731.8","4732.3","4732.3","4732.3","4732.3","4732.3","4732.3"
"2003:Q2","4829.5","4829.5","4829.5","4829.5","4829.5","4829.5","4829.5","4829.5","4832.0","4832.0","4832.0","4832.0","4832.0","4832.0","4832.0","4832.0","4803.5","4803.5","4803.5","4803.5","4802.8","4802.8","4802.8","4802.8","4802.8","4802.8"
"2003:Q3","4900.4","4900.4","4900.4","4900.4","4900.4","4900.4","4900.4","4900.4","4901.0","4901.0","4901.0","4901.0","4901.0","4901.0","4901.0","4901.0","4873.4","4873.4","4873.4","4873.4","4874.4","4874.4","4874.4","4874.4","4874.4","4874.4"
"2003:Q4","4969.3","4969.3","4969.3","4969.3","4969.3","4969.3","4969.3","4969.3","4965.7","4965.7","4965.7","4965.7","4965.7","4965.7","4965.7","4965.7","4940.4","4940.4","4940.4","4940.4","4944.4","4944.4","4944.4","4944.4","4944.4","4944.4"
"2004:Q1","5060.8","5060.8","5060.8","5060.8","5060.8","5060.8","5060.8","5060.8","5050.1","5050.1","5050.1","5050.1","5050.1","5050.1","5050.1","5050.1","5029.2","5029.2","5029.2","5029.2","5029.2","5029.2","5029.2","5029.2","5029.2","5029.2"
"2004:Q2","5136.8","5136.8","5136.8","5136.8","5136.8","5136.8","5136.8","5136.8","5124.1","5124.1","5124.1","5124.1","5124.1","5124.1","5124.1","5124.1","5103.6","5103.6","5103.6","5103.6","5106.3","5106.3","5106.3","5106.3","5106.3","5106.3"
"2004:Q3","5220.9","5220.9","5220.9","5220.9","5220.9","5220.9","5220.9","5220.9","5208.8","5208.8","5208.8","5208.8","5208.8","5208.8","5208.8","5208.8","5192.2","5192.2","5192.2","5192.2","5195.6","5195.6","5195.6","5195.6","5195.6","5195.6"
"2004:Q4","5312.7","5312.7","5312.7","5312.7","5312.7","5312.7","5312.7","5312.7","5293.3","5293.3","5293.3","5293.3","5293.3","5293.3","5293.3","5293.3","5279.5","5279.5","5279.5","5279.5","5282.5","5282.5","5282.5","5282.5","5282.5","5282.5"
"2005:Q1","5402.8","5402.8","5402.8","5402.8","5402.8","5402.8","5402.8","5402.8","5390.9","5390.9","5390.9","5390.9","5390.9","5390.9","5390.9","5390.9","5366.2","5366.2","5366.2","5366.2","5365.8","5365.8","5365.8","5365.8","5365.8","5365.8"
"2005:Q2","5489.2","5489.2","5489.2","5489.2","5489.2","5489.2","5489.2","5489.2","5475.9","5475.9","5475.9","5475.9","5475.9","5475.9","5475.9","5475.9","5455.9","5455.9","5455.9","5455.9","5459.2","5459.2","5459.2","5459.2","5459.2","5459.2"
"2005:Q3","5569.6","5569.6","5569.6","5569.6","5569.6","5569.6","5569.6","5569.6","5555.0","5555.0","5555.0","5555.0","5555.0","5555.0","5555.0","5555.0","5546.1","5546.1","5546.1","5546.1","5552.1","5552.1","5552.1","5552.1","5552.1","5552.1"
"2005:Q4","5662.4","5662.4","5662.4","5662.4","5662.4","5662.4","5662.4","5662.4","5638.7","5638.7","5638.7","5638.7","5638.7","5638.7","5638.7","5638.7","5631.0","5631.0","5631.0","5631.0","5637.1","5637.1","5637.1","5637.1","5637.1","5637.1"
"2006:Q1","5740.2","5740.2","5740.2","5740.2","5740.2","5740.2","5740.2","5740.2","5715.5","5715.5","5715.5","5715.5","5715.5","5715.5","5715.5","5715.5","5704.6","5704.6","5704.6","5704.6","5710.7","5710.7","5710.7","5710.7","5710.7","5710.7"
"2006:Q2","5822.9","5822.9","5822.9","5822.9","5822.9","5822.9","5822.9","5822.9","5801.1","5801.1","5801.1","5801.1","5801.1","5801.1","5801.1","5801.1","5784.9","5784.9","5784.9","5784.9","5791.4","5791.4","5791.4","5791.4","5791.4","5791.4"
"2006:Q3","5893.1","5893.1","5893.1","5893.1","5893.1","5893.1","5893.1","5893.1","5869.5","5869.5","5869.5","5869.5","5869.5","5869.5","5869.5","5869.5","5858.9","5858.9","5858.9","5858.9","5863.6","5863.6","5863.6","5863.6","5863.6","5863.6"
"2006:Q4","5986.2","5986.2","5986.2","5986.2","5986.2","5986.2","5986.2","5986.2","5959.0","5959.0","5959.0","5959.0","5959.0","5959.0","5959.0","5959.0","5941.6","5941.6","5941.6","5941.6","5950.3","5950.3","5950.3","5950.3","5950.3","5950.3"
"2007:Q1","6103.7","6103.7","6103.7","6103.7","6089.8","6089.8","6089.8","6089.8","6056.2","6056.2","6056.2","6056.2","6056.2","6056.2","6056.2","6056.2","6040.3","6040.3","6040.3","6040.3","6043.7","6043.7","6043.7","6043.7","6043.7","6043.7"
"2007:Q2","6179.5","6179.5","6179.5","6179.5","6164.2","6164.2","6164.2","6164.2","6126.3","6126.3","6126.3","6126.3","6126.3","6126.3","6126.3","6126.3","6102.6","6102.6","6102.6","6102.6","6106.9","6106.9","6106.9","6106.9","6106.9","6106.9"
"2007:Q3","6242.8","6242.8","6242.8","6242.8","6224.3","6224.3","6224.3","6224.3","6182.3","6182.3","6182.3","6182.3","6182.3","6182.3","6182.3","6182.3","6167.3","6167.3","6167.3","6167.3","6176.4","6176.4","6176.4","6176.4","6176.4","6176.4"
"2007:Q4","6305.8","6305.8","6305.8","6305.8","6299.5","6299.5","6299.5","6299.5","6252.8","6252.8","6252.8","6252.8","6252.8","6252.8","6252.8","6252.8","6226.1","6226.1","6226.1","6226.1","6233.7","6233.7","6233.7","6233.7","6233.7","6233.7"
"2008:Q1","6377.5","6377.5","6377.5","6377.5","6378.9","6378.9","6378.9","6378.9","6325.0","6325.0","6325.0","6325.0","6325.0","6325.0","6325.0","6325.0","6294.1","6294.1","6294.1","6294.1","6301.4","6301.4","6301.4","6301.4","6301.4","6301.4"
"2008:Q2","6446.1","6446.1","6446.1","6446.1","6449.8","6449.8","6449.8","6449.8","6377.8","6377.8","6377.8","6377.8","6377.8","6377.8","6377.8","6377.8","6352.8","6352.8","6352.8","6352.8","6358.2","6358.2","6358.2","6358.2","6358.2","6358.2"
"2008:Q3","6474.5","6474.5","6474.5","6474.5","6469.3","6469.3","6469.3","6469.3","6389.2","6389.2","6389.2","6389.2","6389.2","6389.2","6389.2","6389.2","6374.7","6374.7","6374.7","6374.7","6386.4","6386.4","6386.4","6386.4","6386.4","6386.4"
"2008:Q4","6494.1","6494.1","6494.1","6494.1","6486.5","6486.5","6486.5","6486.5","6385.1","6385.1","6385.1","6385.1","6385.1","6385.1","6385.1","6385.1","6369.0","6369.0","6369.0","6369.0","6377.2","6377.2","6377.2","6377.2","6377.2","6377.2"
"2009:Q1","6522.0","6522.0","6522.0","6522.0","6489.6","6489.6","6489.6","6489.6","6366.9","6366.9","6366.9","6366.9","6360.5","6360.5","6360.5","6360.5","6345.3","6345.3","6345.3","6345.3","6352.3","6352.3","6352.3","6352.3","6352.3","6352.3"
"2009:Q2","6539.9","6545.9","6545.9","6545.9","6493.8","6493.8","6493.8","6493.8","6361.3","6361.3","6361.3","6361.3","6345.5","6345.5","6345.5","6345.5","6343.2","6343.2","6343.2","6343.2","6348.1","6348.1","6348.1","6348.1","6348.1","6348.1"
"2009:Q3","#N/A","6592.1","6575.7","6575.7","6507.5","6507.5","6507.5","6507.5","6386.7","6386.7","6386.7","6386.7","6366.6","6366.6","6366.6","6366.6","6369.1","6369.1","6369.1","6369.1","6372.5","6372.5","6372.5","6372.5","6372.5","6372.5"
"2009:Q4","#N/A","#N/A","6635.3","6630.3","6556.2","6556.2","6556.2","6556.2","6438.7","6438.7","6438.7","6438.7","6415.4","6415.4","6415.4","6415.4","6416.3","6416.3","6416.3","6416.3","6417.2","6417.2","6417.2","6417.2","6417.2","6417.2"
"2010:Q1","#N/A","#N/A","#N/A","6690.6","6589.6","6589.6","6589.6","6589.6","6484.0","6484.0","6484.0","6484.0","6472.5","6472.5","6472.5","6472.5","6461.6","6461.6","6461.6","6461.6","6463.8","6463.8","6463.8","6463.8","6463.8","6463.8"
"2010:Q2","#N/A","#N/A","#N/A","#N/A","6631.9","6643.2","6643.2","6643.2","6562.3","6562.3","6562.3","6562.3","6546.3","6546.3","6546.3","6546.3","6531.7","6531.7","6531.7","6531.7","6534.7","6534.7","6534.7","6534.7","6534.7","6534.7"
"2010:Q3","#N/A","#N/A","#N/A","#N/A","#N/A","6698.3","6679.2","6679.2","6610.9","6610.9","6610.9","6610.9","6603.6","6603.6","6603.6","6603.6","6597.1","6597.1","6597.1","6597.1","6596.3","6596.3","6596.3","6596.3","6596.3","6596.3"
"2010:Q4","#N/A","#N/A","#N/A","#N/A","#N/A","#N/A","6720.7","6721.0","6656.0","6656.0","6656.0","6656.0","6662.4","6662.4","6662.4","6662.4","6664.4","6664.4","6664.4","6664.4","6661.3","6661.3","6661.3","6661.3","6661.3","6661.3"
"2011:Q1","#N/A","#N/A","#N/A","#N/A","#N/A","#N/A","#N/A","6781.3","6700.0","6700.0","6700.0","6700.0","6722.1","6722.1","6722.1","6722.1","6722.7","6722.7","6722.7","6722.7","6717.7","6717.7","6717.7","6717.7","6717.7","6717.7"
"2011:Q2","#N/A","#N/A","#N/A","#N/A","#N/A","#N/A","#N/A","#N/A","6750.7","6771.6","6771.6","6771.6","6790.5","6790.5","6790.5","6790.5","6798.8","6798.8","6798.8","6798.8","6790.4","6790.4","6790.4","6790.4","6790.4","6790.4"
"2011:Q3","#N/A","#N/A","#N/A","#N/A","#N/A","#N/A","#N/A","#N/A","#N/A","6859.4","6834.4","6834.4","6848.1","6848.1","6848.1","6848.1","6871.6","6871.6","6871.6","6871.6","6861.7","6861.7","6861.7","6861.7","6861.7","6861.7"
"2011:Q4","#N/A","#N/A","#N/A","#N/A","#N/A","#N/A","#N/A","#N/A","#N/A","#N/A","6861.5","6873.5","6888.5","6888.5","6888.5","6888.5","6931.6","6931.6","6931.6","6931.6","6901.6","6901.6","6901.6","6901.6","6901.6","6901.6"
"2012:Q1","#N/A","#N/A","#N/A","#N/A","#N/A","#N/A","#N/A","#N/A","#N/A","#N/A","#N/A","6929.2","6956.4","6956.4","6956.4","6956.4","7009.5","7009.5","7009.5","7009.5","6971.8","6971.8","6971.8","6971.8","6961.9","6961.9"
"2012:Q2","#N/A","#N/A","#N/A","#N/A","#N/A","#N/A","#N/A","#N/A","#N/A","#N/A","#N/A","#N/A","7024.1","7019.4","7019.4","7019.4","7071.3","7071.3","7071.3","7071.3","7025.7","7025.7","7025.7","7025.7","6997.6","6997.6"
"2012:Q3","#N/A","#N/A","#N/A","#N/A","#N/A","#N/A","#N/A","#N/A","#N/A","#N/A","#N/A","#N/A","#N/A","7059.4","7060.6","7060.6","7117.2","7117.2","7117.2","7117.2","7081.1","7081.1","7081.1","7081.1","7036.6","7036.6"
"2012:Q4","#N/A","#N/A","#N/A","#N/A","#N/A","#N/A","#N/A","#N/A","#N/A","#N/A","#N/A","#N/A","#N/A","#N/A","7105.3","7103.9","7159.6","7159.6","7159.6","7159.6","7132.6","7132.6","7132.6","7132.6","7078.7","7078.7"
"2013:Q1","#N/A","#N/A","#N/A","#N/A","#N/A","#N/A","#N/A","#N/A","#N/A","#N/A","#N/A","#N/A","#N/A","#N/A","#N/A","7200.7","7243.6","7243.6","7243.6","7243.6","7223.0","7223.0","7223.0","7223.0","7146.7","7146.7"
"2013:Q2","#N/A","#N/A","#N/A","#N/A","#N/A","#N/A","#N/A","#N/A","#N/A","#N/A","#N/A","#N/A","#N/A","#N/A","#N/A","#N/A","7296.6","7290.2","7290.2","7290.2","7289.9","7289.9","7289.9","7289.9","7211.1","7211.1"
"2013:Q3","#N/A","#N/A","#N/A","#N/A","#N/A","#N/A","#N/A","#N/A","#N/A","#N/A","#N/A","#N/A","#N/A","#N/A","#N/A","#N/A","#N/A","7322.6","7331.7","7331.7","7345.5","7345.5","7345.5","7345.5","7268.4","7268.4"
"2013:Q4","#N/A","#N/A","#N/A","#N/A","#N/A","#N/A","#N/A","#N/A","#N/A","#N/A","#N/A","#N/A","#N/A","#N/A","#N/A","#N/A","#N/A","#N/A","7413.8","7439.2","7451.7","7451.7","7451.7","7451.7","7380.2","7380.2"
"2014:Q1","#N/A","#N/A","#N/A","#N/A","#N/A","#N/A","#N/A","#N/A","#N/A","#N/A","#N/A","#N/A","#N/A","#N/A","#N/A","#N/A","#N/A","#N/A","#N/A","7565.3","7518.4","7518.4","7518.4","7518.4","7450.2","7450.2"
"2014:Q2","#N/A","#N/A","#N/A","#N/A","#N/A","#N/A","#N/A","#N/A","#N/A","#N/A","#N/A","#N/A","#N/A","#N/A","#N/A","#N/A","#N/A","#N/A","#N/A","#N/A","7571.8","7581.9","7581.9","7581.9","7542.0","7542.0"
"2014:Q3","#N/A","#N/A","#N/A","#N/A","#N/A","#N/A","#N/A","#N/A","#N/A","#N/A","#N/A","#N/A","#N/A","#N/A","#N/A","#N/A","#N/A","#N/A","#N/A","#N/A","#N/A","7631.7","7658.2","7658.2","7636.1","7636.1"
"2014:Q4","#N/A","#N/A","#N/A","#N/A","#N/A","#N/A","#N/A","#N/A","#N/A","#N/A","#N/A","#N/A","#N/A","#N/A","#N/A","#N/A","#N/A","#N/A","#N/A","#N/A","#N/A","#N/A","7765.4","7776.2","7752.3","7752.3"
"2015:Q1","#N/A","#N/A","#N/A","#N/A","#N/A","#N/A","#N/A","#N/A","#N/A","#N/A","#N/A","#N/A","#N/A","#N/A","#N/A","#N/A","#N/A","#N/A","#N/A","#N/A","#N/A","#N/A","#N/A","7866.4","7828.0","7828.0"
"2015:Q2","#N/A","#N/A","#N/A","#N/A","#N/A","#N/A","#N/A","#N/A","#N/A","#N/A","#N/A","#N/A","#N/A","#N/A","#N/A","#N/A","#N/A","#N/A","#N/A","#N/A","#N/A","#N/A","#N/A","#N/A","7908.5","7921.2"
"2015:Q3","#N/A","#N/A","#N/A","#N/A","#N/A","#N/A","#N/A","#N/A","#N/A","#N/A","#N/A","#N/A","#N/A","#N/A","#N/A","#N/A","#N/A","#N/A","#N/A","#N/A","#N/A","#N/A","#N/A","#N/A","#N/A","8011.7"
