"DATE","PCONX96M2","PCONX96M3","PCONX96M4","PCONX96M5","PCONX96M6","PCONX96M7","PCONX96M8","PCONX96M9","PCONX96M10","PCONX96M11","PCONX96M12","PCONX97M1","PCONX97M2","PCONX97M3","PCONX97M4","PCONX97M5","PCONX97M6","PCONX97M7","PCONX97M8","PCONX97M9","PCONX97M10","PCONX97M11","PCONX97M12","PCONX98M1","PCONX98M2","PCONX98M3","PCONX98M4","PCONX98M5","PCONX98M6","PCONX98M7","PCONX98M8","PCONX98M9","PCONX98M10","PCONX98M11","PCONX98M12","PCONX99M1","PCONX99M2","PCONX99M3","PCONX99M4","PCONX99M5","PCONX99M6","PCONX99M7","PCONX99M8","PCONX99M9","PCONX99M10","PCONX99M11","PCONX99M12"
"1947:Q1","#N/A","#N/A","#N/A","#N/A","#N/A","#N/A","#N/A","#N/A","#N/A","#N/A","#N/A","#N/A","#N/A","#N/A","#N/A","#N/A","#N/A","#N/A","#N/A","#N/A","#N/A","#N/A","#N/A","#N/A","#N/A","#N/A","#N/A","#N/A","#N/A","#N/A","#N/A","#N/A","#N/A","#N/A","#N/A","#N/A","#N/A","#N/A","#N/A","#N/A","#N/A","#N/A","#N/A","#N/A","#N/A","#N/A","#N/A"
"1947:Q2","#N/A","#N/A","#N/A","#N/A","#N/A","#N/A","#N/A","#N/A","#N/A","#N/A","#N/A","#N/A","#N/A","#N/A","#N/A","#N/A","#N/A","#N/A","#N/A","#N/A","#N/A","#N/A","#N/A","#N/A","#N/A","#N/A","#N/A","#N/A","#N/A","#N/A","#N/A","#N/A","#N/A","#N/A","#N/A","#N/A","#N/A","#N/A","#N/A","#N/A","#N/A","#N/A","#N/A","#N/A","#N/A","#N/A","#N/A"
"1947:Q3","#N/A","#N/A","#N/A","#N/A","#N/A","#N/A","#N/A","#N/A","#N/A","#N/A","#N/A","#N/A","#N/A","#N/A","#N/A","#N/A","#N/A","#N/A","#N/A","#N/A","#N/A","#N/A","#N/A","#N/A","#N/A","#N/A","#N/A","#N/A","#N/A","#N/A","#N/A","#N/A","#N/A","#N/A","#N/A","#N/A","#N/A","#N/A","#N/A","#N/A","#N/A","#N/A","#N/A","#N/A","#N/A","#N/A","#N/A"
"1947:Q4","#N/A","#N/A","#N/A","#N/A","#N/A","#N/A","#N/A","#N/A","#N/A","#N/A","#N/A","#N/A","#N/A","#N/A","#N/A","#N/A","#N/A","#N/A","#N/A","#N/A","#N/A","#N/A","#N/A","#N/A","#N/A","#N/A","#N/A","#N/A","#N/A","#N/A","#N/A","#N/A","#N/A","#N/A","#N/A","#N/A","#N/A","#N/A","#N/A","#N/A","#N/A","#N/A","#N/A","#N/A","#N/A","#N/A","#N/A"
"1948:Q1","#N/A","#N/A","#N/A","#N/A","#N/A","#N/A","#N/A","#N/A","#N/A","#N/A","#N/A","#N/A","#N/A","#N/A","#N/A","#N/A","#N/A","#N/A","#N/A","#N/A","#N/A","#N/A","#N/A","#N/A","#N/A","#N/A","#N/A","#N/A","#N/A","#N/A","#N/A","#N/A","#N/A","#N/A","#N/A","#N/A","#N/A","#N/A","#N/A","#N/A","#N/A","#N/A","#N/A","#N/A","#N/A","#N/A","#N/A"
"1948:Q2","#N/A","#N/A","#N/A","#N/A","#N/A","#N/A","#N/A","#N/A","#N/A","#N/A","#N/A","#N/A","#N/A","#N/A","#N/A","#N/A","#N/A","#N/A","#N/A","#N/A","#N/A","#N/A","#N/A","#N/A","#N/A","#N/A","#N/A","#N/A","#N/A","#N/A","#N/A","#N/A","#N/A","#N/A","#N/A","#N/A","#N/A","#N/A","#N/A","#N/A","#N/A","#N/A","#N/A","#N/A","#N/A","#N/A","#N/A"
"1948:Q3","#N/A","#N/A","#N/A","#N/A","#N/A","#N/A","#N/A","#N/A","#N/A","#N/A","#N/A","#N/A","#N/A","#N/A","#N/A","#N/A","#N/A","#N/A","#N/A","#N/A","#N/A","#N/A","#N/A","#N/A","#N/A","#N/A","#N/A","#N/A","#N/A","#N/A","#N/A","#N/A","#N/A","#N/A","#N/A","#N/A","#N/A","#N/A","#N/A","#N/A","#N/A","#N/A","#N/A","#N/A","#N/A","#N/A","#N/A"
"1948:Q4","#N/A","#N/A","#N/A","#N/A","#N/A","#N/A","#N/A","#N/A","#N/A","#N/A","#N/A","#N/A","#N/A","#N/A","#N/A","#N/A","#N/A","#N/A","#N/A","#N/A","#N/A","#N/A","#N/A","#N/A","#N/A","#N/A","#N/A","#N/A","#N/A","#N/A","#N/A","#N/A","#N/A","#N/A","#N/A","#N/A","#N/A","#N/A","#N/A","#N/A","#N/A","#N/A","#N/A","#N/A","#N/A","#N/A","#N/A"
"1949:Q1","#N/A","#N/A","#N/A","#N/A","#N/A","#N/A","#N/A","#N/A","#N/A","#N/A","#N/A","#N/A","#N/A","#N/A","#N/A","#N/A","#N/A","#N/A","#N/A","#N/A","#N/A","#N/A","#N/A","#N/A","#N/A","#N/A","#N/A","#N/A","#N/A","#N/A","#N/A","#N/A","#N/A","#N/A","#N/A","#N/A","#N/A","#N/A","#N/A","#N/A","#N/A","#N/A","#N/A","#N/A","#N/A","#N/A","#N/A"
"1949:Q2","#N/A","#N/A","#N/A","#N/A","#N/A","#N/A","#N/A","#N/A","#N/A","#N/A","#N/A","#N/A","#N/A","#N/A","#N/A","#N/A","#N/A","#N/A","#N/A","#N/A","#N/A","#N/A","#N/A","#N/A","#N/A","#N/A","#N/A","#N/A","#N/A","#N/A","#N/A","#N/A","#N/A","#N/A","#N/A","#N/A","#N/A","#N/A","#N/A","#N/A","#N/A","#N/A","#N/A","#N/A","#N/A","#N/A","#N/A"
"1949:Q3","#N/A","#N/A","#N/A","#N/A","#N/A","#N/A","#N/A","#N/A","#N/A","#N/A","#N/A","#N/A","#N/A","#N/A","#N/A","#N/A","#N/A","#N/A","#N/A","#N/A","#N/A","#N/A","#N/A","#N/A","#N/A","#N/A","#N/A","#N/A","#N/A","#N/A","#N/A","#N/A","#N/A","#N/A","#N/A","#N/A","#N/A","#N/A","#N/A","#N/A","#N/A","#N/A","#N/A","#N/A","#N/A","#N/A","#N/A"
"1949:Q4","#N/A","#N/A","#N/A","#N/A","#N/A","#N/A","#N/A","#N/A","#N/A","#N/A","#N/A","#N/A","#N/A","#N/A","#N/A","#N/A","#N/A","#N/A","#N/A","#N/A","#N/A","#N/A","#N/A","#N/A","#N/A","#N/A","#N/A","#N/A","#N/A","#N/A","#N/A","#N/A","#N/A","#N/A","#N/A","#N/A","#N/A","#N/A","#N/A","#N/A","#N/A","#N/A","#N/A","#N/A","#N/A","#N/A","#N/A"
"1950:Q1","#N/A","#N/A","#N/A","#N/A","#N/A","#N/A","#N/A","#N/A","#N/A","#N/A","#N/A","#N/A","#N/A","#N/A","#N/A","#N/A","#N/A","#N/A","#N/A","#N/A","#N/A","#N/A","#N/A","#N/A","#N/A","#N/A","#N/A","#N/A","#N/A","#N/A","#N/A","#N/A","#N/A","#N/A","#N/A","#N/A","#N/A","#N/A","#N/A","#N/A","#N/A","#N/A","#N/A","#N/A","#N/A","#N/A","#N/A"
"1950:Q2","#N/A","#N/A","#N/A","#N/A","#N/A","#N/A","#N/A","#N/A","#N/A","#N/A","#N/A","#N/A","#N/A","#N/A","#N/A","#N/A","#N/A","#N/A","#N/A","#N/A","#N/A","#N/A","#N/A","#N/A","#N/A","#N/A","#N/A","#N/A","#N/A","#N/A","#N/A","#N/A","#N/A","#N/A","#N/A","#N/A","#N/A","#N/A","#N/A","#N/A","#N/A","#N/A","#N/A","#N/A","#N/A","#N/A","#N/A"
"1950:Q3","#N/A","#N/A","#N/A","#N/A","#N/A","#N/A","#N/A","#N/A","#N/A","#N/A","#N/A","#N/A","#N/A","#N/A","#N/A","#N/A","#N/A","#N/A","#N/A","#N/A","#N/A","#N/A","#N/A","#N/A","#N/A","#N/A","#N/A","#N/A","#N/A","#N/A","#N/A","#N/A","#N/A","#N/A","#N/A","#N/A","#N/A","#N/A","#N/A","#N/A","#N/A","#N/A","#N/A","#N/A","#N/A","#N/A","#N/A"
"1950:Q4","#N/A","#N/A","#N/A","#N/A","#N/A","#N/A","#N/A","#N/A","#N/A","#N/A","#N/A","#N/A","#N/A","#N/A","#N/A","#N/A","#N/A","#N/A","#N/A","#N/A","#N/A","#N/A","#N/A","#N/A","#N/A","#N/A","#N/A","#N/A","#N/A","#N/A","#N/A","#N/A","#N/A","#N/A","#N/A","#N/A","#N/A","#N/A","#N/A","#N/A","#N/A","#N/A","#N/A","#N/A","#N/A","#N/A","#N/A"
"1951:Q1","#N/A","#N/A","#N/A","#N/A","#N/A","#N/A","#N/A","#N/A","#N/A","#N/A","#N/A","#N/A","#N/A","#N/A","#N/A","#N/A","#N/A","#N/A","#N/A","#N/A","#N/A","#N/A","#N/A","#N/A","#N/A","#N/A","#N/A","#N/A","#N/A","#N/A","#N/A","#N/A","#N/A","#N/A","#N/A","#N/A","#N/A","#N/A","#N/A","#N/A","#N/A","#N/A","#N/A","#N/A","#N/A","#N/A","#N/A"
"1951:Q2","#N/A","#N/A","#N/A","#N/A","#N/A","#N/A","#N/A","#N/A","#N/A","#N/A","#N/A","#N/A","#N/A","#N/A","#N/A","#N/A","#N/A","#N/A","#N/A","#N/A","#N/A","#N/A","#N/A","#N/A","#N/A","#N/A","#N/A","#N/A","#N/A","#N/A","#N/A","#N/A","#N/A","#N/A","#N/A","#N/A","#N/A","#N/A","#N/A","#N/A","#N/A","#N/A","#N/A","#N/A","#N/A","#N/A","#N/A"
"1951:Q3","#N/A","#N/A","#N/A","#N/A","#N/A","#N/A","#N/A","#N/A","#N/A","#N/A","#N/A","#N/A","#N/A","#N/A","#N/A","#N/A","#N/A","#N/A","#N/A","#N/A","#N/A","#N/A","#N/A","#N/A","#N/A","#N/A","#N/A","#N/A","#N/A","#N/A","#N/A","#N/A","#N/A","#N/A","#N/A","#N/A","#N/A","#N/A","#N/A","#N/A","#N/A","#N/A","#N/A","#N/A","#N/A","#N/A","#N/A"
"1951:Q4","#N/A","#N/A","#N/A","#N/A","#N/A","#N/A","#N/A","#N/A","#N/A","#N/A","#N/A","#N/A","#N/A","#N/A","#N/A","#N/A","#N/A","#N/A","#N/A","#N/A","#N/A","#N/A","#N/A","#N/A","#N/A","#N/A","#N/A","#N/A","#N/A","#N/A","#N/A","#N/A","#N/A","#N/A","#N/A","#N/A","#N/A","#N/A","#N/A","#N/A","#N/A","#N/A","#N/A","#N/A","#N/A","#N/A","#N/A"
"1952:Q1","#N/A","#N/A","#N/A","#N/A","#N/A","#N/A","#N/A","#N/A","#N/A","#N/A","#N/A","#N/A","#N/A","#N/A","#N/A","#N/A","#N/A","#N/A","#N/A","#N/A","#N/A","#N/A","#N/A","#N/A","#N/A","#N/A","#N/A","#N/A","#N/A","#N/A","#N/A","#N/A","#N/A","#N/A","#N/A","#N/A","#N/A","#N/A","#N/A","#N/A","#N/A","#N/A","#N/A","#N/A","#N/A","#N/A","#N/A"
"1952:Q2","#N/A","#N/A","#N/A","#N/A","#N/A","#N/A","#N/A","#N/A","#N/A","#N/A","#N/A","#N/A","#N/A","#N/A","#N/A","#N/A","#N/A","#N/A","#N/A","#N/A","#N/A","#N/A","#N/A","#N/A","#N/A","#N/A","#N/A","#N/A","#N/A","#N/A","#N/A","#N/A","#N/A","#N/A","#N/A","#N/A","#N/A","#N/A","#N/A","#N/A","#N/A","#N/A","#N/A","#N/A","#N/A","#N/A","#N/A"
"1952:Q3","#N/A","#N/A","#N/A","#N/A","#N/A","#N/A","#N/A","#N/A","#N/A","#N/A","#N/A","#N/A","#N/A","#N/A","#N/A","#N/A","#N/A","#N/A","#N/A","#N/A","#N/A","#N/A","#N/A","#N/A","#N/A","#N/A","#N/A","#N/A","#N/A","#N/A","#N/A","#N/A","#N/A","#N/A","#N/A","#N/A","#N/A","#N/A","#N/A","#N/A","#N/A","#N/A","#N/A","#N/A","#N/A","#N/A","#N/A"
"1952:Q4","#N/A","#N/A","#N/A","#N/A","#N/A","#N/A","#N/A","#N/A","#N/A","#N/A","#N/A","#N/A","#N/A","#N/A","#N/A","#N/A","#N/A","#N/A","#N/A","#N/A","#N/A","#N/A","#N/A","#N/A","#N/A","#N/A","#N/A","#N/A","#N/A","#N/A","#N/A","#N/A","#N/A","#N/A","#N/A","#N/A","#N/A","#N/A","#N/A","#N/A","#N/A","#N/A","#N/A","#N/A","#N/A","#N/A","#N/A"
"1953:Q1","#N/A","#N/A","#N/A","#N/A","#N/A","#N/A","#N/A","#N/A","#N/A","#N/A","#N/A","#N/A","#N/A","#N/A","#N/A","#N/A","#N/A","#N/A","#N/A","#N/A","#N/A","#N/A","#N/A","#N/A","#N/A","#N/A","#N/A","#N/A","#N/A","#N/A","#N/A","#N/A","#N/A","#N/A","#N/A","#N/A","#N/A","#N/A","#N/A","#N/A","#N/A","#N/A","#N/A","#N/A","#N/A","#N/A","#N/A"
"1953:Q2","#N/A","#N/A","#N/A","#N/A","#N/A","#N/A","#N/A","#N/A","#N/A","#N/A","#N/A","#N/A","#N/A","#N/A","#N/A","#N/A","#N/A","#N/A","#N/A","#N/A","#N/A","#N/A","#N/A","#N/A","#N/A","#N/A","#N/A","#N/A","#N/A","#N/A","#N/A","#N/A","#N/A","#N/A","#N/A","#N/A","#N/A","#N/A","#N/A","#N/A","#N/A","#N/A","#N/A","#N/A","#N/A","#N/A","#N/A"
"1953:Q3","#N/A","#N/A","#N/A","#N/A","#N/A","#N/A","#N/A","#N/A","#N/A","#N/A","#N/A","#N/A","#N/A","#N/A","#N/A","#N/A","#N/A","#N/A","#N/A","#N/A","#N/A","#N/A","#N/A","#N/A","#N/A","#N/A","#N/A","#N/A","#N/A","#N/A","#N/A","#N/A","#N/A","#N/A","#N/A","#N/A","#N/A","#N/A","#N/A","#N/A","#N/A","#N/A","#N/A","#N/A","#N/A","#N/A","#N/A"
"1953:Q4","#N/A","#N/A","#N/A","#N/A","#N/A","#N/A","#N/A","#N/A","#N/A","#N/A","#N/A","#N/A","#N/A","#N/A","#N/A","#N/A","#N/A","#N/A","#N/A","#N/A","#N/A","#N/A","#N/A","#N/A","#N/A","#N/A","#N/A","#N/A","#N/A","#N/A","#N/A","#N/A","#N/A","#N/A","#N/A","#N/A","#N/A","#N/A","#N/A","#N/A","#N/A","#N/A","#N/A","#N/A","#N/A","#N/A","#N/A"
"1954:Q1","#N/A","#N/A","#N/A","#N/A","#N/A","#N/A","#N/A","#N/A","#N/A","#N/A","#N/A","#N/A","#N/A","#N/A","#N/A","#N/A","#N/A","#N/A","#N/A","#N/A","#N/A","#N/A","#N/A","#N/A","#N/A","#N/A","#N/A","#N/A","#N/A","#N/A","#N/A","#N/A","#N/A","#N/A","#N/A","#N/A","#N/A","#N/A","#N/A","#N/A","#N/A","#N/A","#N/A","#N/A","#N/A","#N/A","#N/A"
"1954:Q2","#N/A","#N/A","#N/A","#N/A","#N/A","#N/A","#N/A","#N/A","#N/A","#N/A","#N/A","#N/A","#N/A","#N/A","#N/A","#N/A","#N/A","#N/A","#N/A","#N/A","#N/A","#N/A","#N/A","#N/A","#N/A","#N/A","#N/A","#N/A","#N/A","#N/A","#N/A","#N/A","#N/A","#N/A","#N/A","#N/A","#N/A","#N/A","#N/A","#N/A","#N/A","#N/A","#N/A","#N/A","#N/A","#N/A","#N/A"
"1954:Q3","#N/A","#N/A","#N/A","#N/A","#N/A","#N/A","#N/A","#N/A","#N/A","#N/A","#N/A","#N/A","#N/A","#N/A","#N/A","#N/A","#N/A","#N/A","#N/A","#N/A","#N/A","#N/A","#N/A","#N/A","#N/A","#N/A","#N/A","#N/A","#N/A","#N/A","#N/A","#N/A","#N/A","#N/A","#N/A","#N/A","#N/A","#N/A","#N/A","#N/A","#N/A","#N/A","#N/A","#N/A","#N/A","#N/A","#N/A"
"1954:Q4","#N/A","#N/A","#N/A","#N/A","#N/A","#N/A","#N/A","#N/A","#N/A","#N/A","#N/A","#N/A","#N/A","#N/A","#N/A","#N/A","#N/A","#N/A","#N/A","#N/A","#N/A","#N/A","#N/A","#N/A","#N/A","#N/A","#N/A","#N/A","#N/A","#N/A","#N/A","#N/A","#N/A","#N/A","#N/A","#N/A","#N/A","#N/A","#N/A","#N/A","#N/A","#N/A","#N/A","#N/A","#N/A","#N/A","#N/A"
"1955:Q1","#N/A","#N/A","#N/A","#N/A","#N/A","#N/A","#N/A","#N/A","#N/A","#N/A","#N/A","#N/A","#N/A","#N/A","#N/A","#N/A","#N/A","#N/A","#N/A","#N/A","#N/A","#N/A","#N/A","#N/A","#N/A","#N/A","#N/A","#N/A","#N/A","#N/A","#N/A","#N/A","#N/A","#N/A","#N/A","#N/A","#N/A","#N/A","#N/A","#N/A","#N/A","#N/A","#N/A","#N/A","#N/A","#N/A","#N/A"
"1955:Q2","#N/A","#N/A","#N/A","#N/A","#N/A","#N/A","#N/A","#N/A","#N/A","#N/A","#N/A","#N/A","#N/A","#N/A","#N/A","#N/A","#N/A","#N/A","#N/A","#N/A","#N/A","#N/A","#N/A","#N/A","#N/A","#N/A","#N/A","#N/A","#N/A","#N/A","#N/A","#N/A","#N/A","#N/A","#N/A","#N/A","#N/A","#N/A","#N/A","#N/A","#N/A","#N/A","#N/A","#N/A","#N/A","#N/A","#N/A"
"1955:Q3","#N/A","#N/A","#N/A","#N/A","#N/A","#N/A","#N/A","#N/A","#N/A","#N/A","#N/A","#N/A","#N/A","#N/A","#N/A","#N/A","#N/A","#N/A","#N/A","#N/A","#N/A","#N/A","#N/A","#N/A","#N/A","#N/A","#N/A","#N/A","#N/A","#N/A","#N/A","#N/A","#N/A","#N/A","#N/A","#N/A","#N/A","#N/A","#N/A","#N/A","#N/A","#N/A","#N/A","#N/A","#N/A","#N/A","#N/A"
"1955:Q4","#N/A","#N/A","#N/A","#N/A","#N/A","#N/A","#N/A","#N/A","#N/A","#N/A","#N/A","#N/A","#N/A","#N/A","#N/A","#N/A","#N/A","#N/A","#N/A","#N/A","#N/A","#N/A","#N/A","#N/A","#N/A","#N/A","#N/A","#N/A","#N/A","#N/A","#N/A","#N/A","#N/A","#N/A","#N/A","#N/A","#N/A","#N/A","#N/A","#N/A","#N/A","#N/A","#N/A","#N/A","#N/A","#N/A","#N/A"
"1956:Q1","#N/A","#N/A","#N/A","#N/A","#N/A","#N/A","#N/A","#N/A","#N/A","#N/A","#N/A","#N/A","#N/A","#N/A","#N/A","#N/A","#N/A","#N/A","#N/A","#N/A","#N/A","#N/A","#N/A","#N/A","#N/A","#N/A","#N/A","#N/A","#N/A","#N/A","#N/A","#N/A","#N/A","#N/A","#N/A","#N/A","#N/A","#N/A","#N/A","#N/A","#N/A","#N/A","#N/A","#N/A","#N/A","#N/A","#N/A"
"1956:Q2","#N/A","#N/A","#N/A","#N/A","#N/A","#N/A","#N/A","#N/A","#N/A","#N/A","#N/A","#N/A","#N/A","#N/A","#N/A","#N/A","#N/A","#N/A","#N/A","#N/A","#N/A","#N/A","#N/A","#N/A","#N/A","#N/A","#N/A","#N/A","#N/A","#N/A","#N/A","#N/A","#N/A","#N/A","#N/A","#N/A","#N/A","#N/A","#N/A","#N/A","#N/A","#N/A","#N/A","#N/A","#N/A","#N/A","#N/A"
"1956:Q3","#N/A","#N/A","#N/A","#N/A","#N/A","#N/A","#N/A","#N/A","#N/A","#N/A","#N/A","#N/A","#N/A","#N/A","#N/A","#N/A","#N/A","#N/A","#N/A","#N/A","#N/A","#N/A","#N/A","#N/A","#N/A","#N/A","#N/A","#N/A","#N/A","#N/A","#N/A","#N/A","#N/A","#N/A","#N/A","#N/A","#N/A","#N/A","#N/A","#N/A","#N/A","#N/A","#N/A","#N/A","#N/A","#N/A","#N/A"
"1956:Q4","#N/A","#N/A","#N/A","#N/A","#N/A","#N/A","#N/A","#N/A","#N/A","#N/A","#N/A","#N/A","#N/A","#N/A","#N/A","#N/A","#N/A","#N/A","#N/A","#N/A","#N/A","#N/A","#N/A","#N/A","#N/A","#N/A","#N/A","#N/A","#N/A","#N/A","#N/A","#N/A","#N/A","#N/A","#N/A","#N/A","#N/A","#N/A","#N/A","#N/A","#N/A","#N/A","#N/A","#N/A","#N/A","#N/A","#N/A"
"1957:Q1","#N/A","#N/A","#N/A","#N/A","#N/A","#N/A","#N/A","#N/A","#N/A","#N/A","#N/A","#N/A","#N/A","#N/A","#N/A","#N/A","#N/A","#N/A","#N/A","#N/A","#N/A","#N/A","#N/A","#N/A","#N/A","#N/A","#N/A","#N/A","#N/A","#N/A","#N/A","#N/A","#N/A","#N/A","#N/A","#N/A","#N/A","#N/A","#N/A","#N/A","#N/A","#N/A","#N/A","#N/A","#N/A","#N/A","#N/A"
"1957:Q2","#N/A","#N/A","#N/A","#N/A","#N/A","#N/A","#N/A","#N/A","#N/A","#N/A","#N/A","#N/A","#N/A","#N/A","#N/A","#N/A","#N/A","#N/A","#N/A","#N/A","#N/A","#N/A","#N/A","#N/A","#N/A","#N/A","#N/A","#N/A","#N/A","#N/A","#N/A","#N/A","#N/A","#N/A","#N/A","#N/A","#N/A","#N/A","#N/A","#N/A","#N/A","#N/A","#N/A","#N/A","#N/A","#N/A","#N/A"
"1957:Q3","#N/A","#N/A","#N/A","#N/A","#N/A","#N/A","#N/A","#N/A","#N/A","#N/A","#N/A","#N/A","#N/A","#N/A","#N/A","#N/A","#N/A","#N/A","#N/A","#N/A","#N/A","#N/A","#N/A","#N/A","#N/A","#N/A","#N/A","#N/A","#N/A","#N/A","#N/A","#N/A","#N/A","#N/A","#N/A","#N/A","#N/A","#N/A","#N/A","#N/A","#N/A","#N/A","#N/A","#N/A","#N/A","#N/A","#N/A"
"1957:Q4","#N/A","#N/A","#N/A","#N/A","#N/A","#N/A","#N/A","#N/A","#N/A","#N/A","#N/A","#N/A","#N/A","#N/A","#N/A","#N/A","#N/A","#N/A","#N/A","#N/A","#N/A","#N/A","#N/A","#N/A","#N/A","#N/A","#N/A","#N/A","#N/A","#N/A","#N/A","#N/A","#N/A","#N/A","#N/A","#N/A","#N/A","#N/A","#N/A","#N/A","#N/A","#N/A","#N/A","#N/A","#N/A","#N/A","#N/A"
"1958:Q1","#N/A","#N/A","#N/A","#N/A","#N/A","#N/A","#N/A","#N/A","#N/A","#N/A","#N/A","#N/A","#N/A","#N/A","#N/A","#N/A","#N/A","#N/A","#N/A","#N/A","#N/A","#N/A","#N/A","#N/A","#N/A","#N/A","#N/A","#N/A","#N/A","#N/A","#N/A","#N/A","#N/A","#N/A","#N/A","#N/A","#N/A","#N/A","#N/A","#N/A","#N/A","#N/A","#N/A","#N/A","#N/A","#N/A","#N/A"
"1958:Q2","#N/A","#N/A","#N/A","#N/A","#N/A","#N/A","#N/A","#N/A","#N/A","#N/A","#N/A","#N/A","#N/A","#N/A","#N/A","#N/A","#N/A","#N/A","#N/A","#N/A","#N/A","#N/A","#N/A","#N/A","#N/A","#N/A","#N/A","#N/A","#N/A","#N/A","#N/A","#N/A","#N/A","#N/A","#N/A","#N/A","#N/A","#N/A","#N/A","#N/A","#N/A","#N/A","#N/A","#N/A","#N/A","#N/A","#N/A"
"1958:Q3","#N/A","#N/A","#N/A","#N/A","#N/A","#N/A","#N/A","#N/A","#N/A","#N/A","#N/A","#N/A","#N/A","#N/A","#N/A","#N/A","#N/A","#N/A","#N/A","#N/A","#N/A","#N/A","#N/A","#N/A","#N/A","#N/A","#N/A","#N/A","#N/A","#N/A","#N/A","#N/A","#N/A","#N/A","#N/A","#N/A","#N/A","#N/A","#N/A","#N/A","#N/A","#N/A","#N/A","#N/A","#N/A","#N/A","#N/A"
"1958:Q4","#N/A","#N/A","#N/A","#N/A","#N/A","#N/A","#N/A","#N/A","#N/A","#N/A","#N/A","#N/A","#N/A","#N/A","#N/A","#N/A","#N/A","#N/A","#N/A","#N/A","#N/A","#N/A","#N/A","#N/A","#N/A","#N/A","#N/A","#N/A","#N/A","#N/A","#N/A","#N/A","#N/A","#N/A","#N/A","#N/A","#N/A","#N/A","#N/A","#N/A","#N/A","#N/A","#N/A","#N/A","#N/A","#N/A","#N/A"
"1959:Q1","#N/A","#N/A","#N/A","#N/A","#N/A","#N/A","#N/A","#N/A","#N/A","#N/A","#N/A","#N/A","#N/A","#N/A","#N/A","23.1","23.1","23.1","23.1","23.1","23.1","23.1","23.1","23.1","23.1","23.1","23.1","23.1","23.1","23.1","23.1","23.1","23.1","23.1","23.1","23.1","23.1","23.1","23.1","23.1","23.1","23.1","23.1","23.1","23.1","22.2","22.2"
"1959:Q2","#N/A","#N/A","#N/A","#N/A","#N/A","#N/A","#N/A","#N/A","#N/A","#N/A","#N/A","#N/A","#N/A","#N/A","#N/A","23.2","23.2","23.2","23.2","23.2","23.2","23.2","23.2","23.2","23.2","23.2","23.2","23.2","23.2","23.2","23.2","23.2","23.2","23.2","23.2","23.2","23.2","23.2","23.2","23.2","23.2","23.2","23.2","23.2","23.2","22.31","22.31"
"1959:Q3","23.3","23.3","23.3","23.3","23.3","23.3","23.3","23.3","23.3","23.3","23.3","23.3","23.3","23.3","23.3","23.34","23.34","23.34","23.34","23.34","23.34","23.34","23.34","23.34","23.34","23.34","23.34","23.34","23.34","23.34","23.34","23.34","23.34","23.34","23.34","23.34","23.34","23.34","23.34","23.34","23.34","23.34","23.34","23.34","23.34","22.45","22.45"
"1959:Q4","23.5","23.5","23.5","23.5","23.5","23.5","23.5","23.5","23.5","23.5","23.5","23.5","23.5","23.5","23.5","23.46","23.46","23.46","23.46","23.46","23.46","23.46","23.46","23.46","23.46","23.46","23.46","23.46","23.46","23.46","23.46","23.46","23.46","23.46","23.46","23.46","23.46","23.46","23.46","23.46","23.46","23.46","23.46","23.46","23.46","22.59","22.59"
"1960:Q1","23.5","23.5","23.5","23.5","23.5","23.5","23.5","23.5","23.5","23.5","23.5","23.5","23.5","23.5","23.5","23.51","23.51","23.51","23.51","23.51","23.51","23.51","23.51","23.51","23.51","23.51","23.51","23.51","23.51","23.51","23.51","23.51","23.51","23.51","23.51","23.51","23.51","23.51","23.51","23.51","23.51","23.51","23.51","23.51","23.51","22.64","22.64"
"1960:Q2","23.6","23.6","23.6","23.6","23.6","23.6","23.6","23.6","23.6","23.6","23.6","23.6","23.6","23.6","23.6","23.62","23.62","23.62","23.62","23.62","23.62","23.62","23.62","23.62","23.62","23.62","23.62","23.62","23.62","23.62","23.62","23.62","23.62","23.62","23.62","23.62","23.62","23.62","23.62","23.62","23.62","23.62","23.62","23.62","23.62","22.73","22.73"
"1960:Q3","23.7","23.7","23.7","23.7","23.7","23.7","23.7","23.7","23.7","23.7","23.7","23.7","23.7","23.7","23.7","23.72","23.72","23.72","23.72","23.72","23.72","23.72","23.72","23.72","23.72","23.72","23.72","23.72","23.72","23.72","23.72","23.72","23.72","23.72","23.72","23.72","23.72","23.72","23.72","23.72","23.72","23.72","23.72","23.72","23.72","22.82","22.82"
"1960:Q4","23.8","23.8","23.8","23.8","23.8","23.8","23.8","23.8","23.8","23.8","23.8","23.8","23.8","23.8","23.8","23.82","23.82","23.82","23.82","23.82","23.82","23.82","23.82","23.82","23.82","23.82","23.82","23.82","23.82","23.82","23.82","23.82","23.82","23.82","23.82","23.82","23.82","23.82","23.82","23.82","23.82","23.82","23.82","23.82","23.82","22.91","22.91"
"1961:Q1","23.9","23.9","23.9","23.9","23.9","23.9","23.9","23.9","23.9","23.9","23.9","23.9","23.9","23.9","23.9","23.87","23.87","23.87","23.87","23.87","23.87","23.87","23.87","23.87","23.87","23.87","23.87","23.87","23.87","23.87","23.87","23.87","23.87","23.87","23.87","23.87","23.87","23.87","23.87","23.87","23.87","23.87","23.87","23.87","23.87","22.95","22.95"
"1961:Q2","23.9","23.9","23.9","23.9","23.9","23.9","23.9","23.9","23.9","23.9","23.9","23.9","23.9","23.9","23.9","23.94","23.94","23.94","23.94","23.94","23.94","23.94","23.94","23.94","23.94","23.94","23.94","23.94","23.94","23.94","23.94","23.94","23.94","23.94","23.94","23.94","23.94","23.94","23.94","23.94","23.94","23.94","23.94","23.94","23.94","23.02","23.02"
"1961:Q3","24.0","24.0","24.0","24.0","24.0","24.0","24.0","24.0","24.0","24.0","24.0","24.0","24.0","24.0","24.0","24.02","24.02","24.02","24.02","24.02","24.02","24.02","24.02","24.02","24.02","24.02","24.02","24.02","24.02","24.02","24.02","24.02","24.02","24.02","24.02","24.02","24.02","24.02","24.02","24.02","24.02","24.02","24.02","24.02","24.02","23.11","23.11"
"1961:Q4","24.1","24.1","24.1","24.1","24.1","24.1","24.1","24.1","24.1","24.1","24.1","24.1","24.1","24.1","24.1","24.06","24.06","24.06","24.06","24.06","24.06","24.06","24.06","24.06","24.06","24.06","24.06","24.06","24.06","24.06","24.06","24.06","24.06","24.06","24.06","24.06","24.06","24.06","24.06","24.06","24.06","24.06","24.06","24.06","24.06","23.16","23.16"
"1962:Q1","24.1","24.1","24.1","24.1","24.1","24.1","24.1","24.1","24.1","24.1","24.1","24.1","24.1","24.1","24.1","24.09","24.09","24.09","24.09","24.09","24.09","24.09","24.09","24.09","24.09","24.09","24.09","24.09","24.09","24.09","24.09","24.09","24.09","24.09","24.09","24.09","24.09","24.09","24.09","24.09","24.09","24.09","24.09","24.09","24.09","23.24","23.24"
"1962:Q2","24.2","24.2","24.2","24.2","24.2","24.2","24.2","24.2","24.2","24.2","24.2","24.2","24.2","24.2","24.2","24.21","24.21","24.21","24.21","24.21","24.21","24.21","24.21","24.21","24.21","24.21","24.21","24.21","24.21","24.21","24.21","24.21","24.21","24.21","24.21","24.21","24.21","24.21","24.21","24.21","24.21","24.21","24.21","24.21","24.21","23.32","23.32"
"1962:Q3","24.3","24.3","24.3","24.3","24.3","24.3","24.3","24.3","24.3","24.3","24.3","24.3","24.3","24.3","24.3","24.29","24.29","24.29","24.29","24.29","24.29","24.29","24.29","24.29","24.29","24.29","24.29","24.29","24.29","24.29","24.29","24.29","24.29","24.29","24.29","24.29","24.29","24.29","24.29","24.29","24.29","24.29","24.29","24.29","24.29","23.39","23.39"
"1962:Q4","24.3","24.3","24.3","24.3","24.3","24.3","24.3","24.3","24.3","24.3","24.3","24.3","24.3","24.3","24.3","24.34","24.34","24.34","24.34","24.34","24.34","24.34","24.34","24.34","24.34","24.34","24.34","24.34","24.34","24.34","24.34","24.34","24.34","24.34","24.34","24.34","24.34","24.34","24.34","24.34","24.34","24.34","24.34","24.34","24.34","23.43","23.43"
"1963:Q1","24.4","24.4","24.4","24.4","24.4","24.4","24.4","24.4","24.4","24.4","24.4","24.4","24.4","24.4","24.4","24.4","24.4","24.4","24.4","24.4","24.4","24.4","24.4","24.4","24.4","24.4","24.4","24.4","24.4","24.4","24.4","24.4","24.4","24.4","24.4","24.4","24.4","24.4","24.4","24.4","24.4","24.4","24.4","24.4","24.4","23.5","23.5"
"1963:Q2","24.5","24.5","24.5","24.5","24.5","24.5","24.5","24.5","24.5","24.5","24.5","24.5","24.5","24.5","24.5","24.5","24.5","24.5","24.5","24.5","24.5","24.5","24.5","24.5","24.5","24.5","24.5","24.5","24.5","24.5","24.5","24.5","24.5","24.5","24.5","24.5","24.5","24.5","24.5","24.5","24.5","24.5","24.5","24.5","24.5","23.57","23.57"
"1963:Q3","24.6","24.6","24.6","24.6","24.6","24.6","24.6","24.6","24.6","24.6","24.6","24.6","24.6","24.6","24.6","24.6","24.6","24.6","24.6","24.6","24.6","24.6","24.6","24.6","24.6","24.6","24.6","24.6","24.6","24.6","24.6","24.6","24.6","24.6","24.6","24.6","24.6","24.6","24.6","24.6","24.6","24.6","24.6","24.6","24.6","23.66","23.66"
"1963:Q4","24.7","24.7","24.7","24.7","24.7","24.7","24.7","24.7","24.7","24.7","24.7","24.7","24.7","24.7","24.7","24.71","24.71","24.71","24.71","24.71","24.71","24.71","24.71","24.71","24.71","24.71","24.71","24.71","24.71","24.71","24.71","24.71","24.71","24.71","24.71","24.71","24.71","24.71","24.71","24.71","24.71","24.71","24.71","24.71","24.71","23.77","23.77"
"1964:Q1","24.8","24.8","24.8","24.8","24.8","24.8","24.8","24.8","24.8","24.8","24.8","24.8","24.8","24.8","24.8","24.79","24.79","24.79","24.79","24.79","24.79","24.79","24.79","24.79","24.79","24.79","24.79","24.79","24.79","24.79","24.79","24.79","24.79","24.79","24.79","24.79","24.79","24.79","24.79","24.79","24.79","24.79","24.79","24.79","24.79","23.86","23.86"
"1964:Q2","24.8","24.8","24.8","24.8","24.8","24.8","24.8","24.8","24.8","24.8","24.8","24.8","24.8","24.8","24.8","24.84","24.84","24.84","24.84","24.84","24.84","24.84","24.84","24.84","24.84","24.84","24.84","24.84","24.84","24.84","24.84","24.84","24.84","24.84","24.84","24.84","24.84","24.84","24.84","24.84","24.84","24.84","24.84","24.84","24.84","23.92","23.92"
"1964:Q3","24.9","24.9","24.9","24.9","24.9","24.9","24.9","24.9","24.9","24.9","24.9","24.9","24.9","24.9","24.9","24.91","24.91","24.91","24.91","24.91","24.91","24.91","24.91","24.91","24.91","24.91","24.91","24.91","24.91","24.91","24.91","24.91","24.91","24.91","24.91","24.91","24.91","24.91","24.91","24.91","24.91","24.91","24.91","24.91","24.91","23.99","23.99"
"1964:Q4","25.0","25.0","25.0","25.0","25.0","25.0","25.0","25.0","25.0","25.0","25.0","25.0","25.0","25.0","25.0","24.99","24.99","24.99","24.99","24.99","24.99","24.99","24.99","24.99","24.99","24.99","24.99","24.99","24.99","24.99","24.99","24.99","24.99","24.99","24.99","24.99","24.99","24.99","24.99","24.99","24.99","24.99","24.99","24.99","24.99","24.06","24.06"
"1965:Q1","25.1","25.1","25.1","25.1","25.1","25.1","25.1","25.1","25.1","25.1","25.1","25.1","25.1","25.1","25.1","25.1","25.1","25.1","25.1","25.1","25.1","25.1","25.1","25.1","25.1","25.1","25.1","25.1","25.1","25.1","25.1","25.1","25.1","25.1","25.1","25.1","25.1","25.1","25.1","25.1","25.1","25.1","25.1","25.1","25.1","24.16","24.16"
"1965:Q2","25.2","25.2","25.2","25.2","25.2","25.2","25.2","25.2","25.2","25.2","25.2","25.2","25.2","25.2","25.2","25.19","25.19","25.19","25.19","25.19","25.19","25.19","25.19","25.19","25.19","25.19","25.19","25.19","25.19","25.19","25.19","25.19","25.19","25.19","25.19","25.19","25.19","25.19","25.19","25.19","25.19","25.19","25.19","25.19","25.19","24.24","24.24"
"1965:Q3","25.3","25.3","25.3","25.3","25.3","25.3","25.3","25.3","25.3","25.3","25.3","25.3","25.3","25.3","25.3","25.27","25.27","25.27","25.27","25.27","25.27","25.27","25.27","25.27","25.27","25.27","25.27","25.27","25.27","25.27","25.27","25.27","25.27","25.27","25.27","25.27","25.27","25.27","25.27","25.27","25.27","25.27","25.27","25.27","25.27","24.31","24.31"
"1965:Q4","25.3","25.3","25.3","25.3","25.3","25.3","25.3","25.3","25.3","25.3","25.3","25.3","25.3","25.3","25.3","25.35","25.35","25.35","25.35","25.35","25.35","25.35","25.35","25.35","25.35","25.35","25.35","25.35","25.35","25.35","25.35","25.35","25.35","25.35","25.35","25.35","25.35","25.35","25.35","25.35","25.35","25.35","25.35","25.35","25.35","24.38","24.38"
"1966:Q1","25.5","25.5","25.5","25.5","25.5","25.5","25.5","25.5","25.5","25.5","25.5","25.5","25.5","25.5","25.5","25.47","25.47","25.47","25.47","25.47","25.47","25.47","25.47","25.47","25.47","25.47","25.47","25.47","25.47","25.47","25.47","25.47","25.47","25.47","25.47","25.47","25.47","25.47","25.47","25.47","25.47","25.47","25.47","25.47","25.47","24.5","24.5"
"1966:Q2","25.7","25.7","25.7","25.7","25.7","25.7","25.7","25.7","25.7","25.7","25.7","25.7","25.7","25.7","25.7","25.66","25.66","25.66","25.66","25.66","25.66","25.66","25.66","25.66","25.66","25.66","25.66","25.66","25.66","25.66","25.66","25.66","25.66","25.66","25.66","25.66","25.66","25.66","25.66","25.66","25.66","25.66","25.66","25.66","25.66","24.69","24.69"
"1966:Q3","25.9","25.9","25.9","25.9","25.9","25.9","25.9","25.9","25.9","25.9","25.9","25.9","25.9","25.9","25.9","25.88","25.88","25.88","25.88","25.88","25.88","25.88","25.88","25.88","25.88","25.88","25.88","25.88","25.88","25.88","25.88","25.88","25.88","25.88","25.88","25.88","25.88","25.88","25.88","25.88","25.88","25.88","25.88","25.88","25.88","24.89","24.89"
"1966:Q4","26.1","26.1","26.1","26.1","26.1","26.1","26.1","26.1","26.1","26.1","26.1","26.1","26.1","26.1","26.1","26.1","26.1","26.1","26.1","26.1","26.1","26.1","26.1","26.1","26.1","26.1","26.1","26.1","26.1","26.1","26.1","26.1","26.1","26.1","26.1","26.1","26.1","26.1","26.1","26.1","26.1","26.1","26.1","26.1","26.1","25.1","25.1"
"1967:Q1","26.2","26.2","26.2","26.2","26.2","26.2","26.2","26.2","26.2","26.2","26.2","26.2","26.2","26.2","26.2","26.23","26.23","26.23","26.23","26.23","26.23","26.23","26.23","26.23","26.23","26.23","26.23","26.23","26.23","26.23","26.23","26.23","26.23","26.23","26.23","26.23","26.23","26.23","26.23","26.23","26.23","26.23","26.23","26.23","26.23","25.21","25.21"
"1967:Q2","26.4","26.4","26.4","26.4","26.4","26.4","26.4","26.4","26.4","26.4","26.4","26.4","26.4","26.4","26.4","26.42","26.42","26.42","26.42","26.42","26.42","26.42","26.42","26.42","26.42","26.42","26.42","26.42","26.42","26.42","26.42","26.42","26.42","26.42","26.42","26.42","26.42","26.42","26.42","26.42","26.42","26.42","26.42","26.42","26.42","25.37","25.37"
"1967:Q3","26.7","26.7","26.7","26.7","26.7","26.7","26.7","26.7","26.7","26.7","26.7","26.7","26.7","26.7","26.7","26.68","26.68","26.68","26.68","26.68","26.68","26.68","26.68","26.68","26.68","26.68","26.68","26.68","26.68","26.68","26.68","26.68","26.68","26.68","26.68","26.68","26.68","26.68","26.68","26.68","26.68","26.68","26.68","26.68","26.68","25.6","25.6"
"1967:Q4","26.9","26.9","26.9","26.9","26.9","26.9","26.9","26.9","26.9","26.9","26.9","26.9","26.9","26.9","26.9","26.95","26.95","26.95","26.95","26.95","26.95","26.95","26.95","26.95","26.95","26.95","26.95","26.95","26.95","26.95","26.95","26.95","26.95","26.95","26.95","26.95","26.95","26.95","26.95","26.95","26.95","26.95","26.95","26.95","26.95","25.85","25.85"
"1968:Q1","27.3","27.3","27.3","27.3","27.3","27.3","27.3","27.3","27.3","27.3","27.3","27.3","27.3","27.3","27.3","27.27","27.27","27.27","27.27","27.27","27.27","27.27","27.27","27.27","27.27","27.27","27.27","27.27","27.27","27.27","27.27","27.27","27.27","27.27","27.27","27.27","27.27","27.27","27.27","27.27","27.27","27.27","27.27","27.27","27.27","26.16","26.16"
"1968:Q2","27.6","27.6","27.6","27.6","27.6","27.6","27.6","27.6","27.6","27.6","27.6","27.6","27.6","27.6","27.6","27.57","27.57","27.57","27.57","27.57","27.57","27.57","27.57","27.57","27.57","27.57","27.57","27.57","27.57","27.57","27.57","27.57","27.57","27.57","27.57","27.57","27.57","27.57","27.57","27.57","27.57","27.57","27.57","27.57","27.57","26.44","26.44"
"1968:Q3","27.8","27.8","27.8","27.8","27.8","27.8","27.8","27.8","27.8","27.8","27.8","27.8","27.8","27.8","27.8","27.84","27.84","27.84","27.84","27.84","27.84","27.84","27.84","27.84","27.84","27.84","27.84","27.84","27.84","27.84","27.84","27.84","27.84","27.84","27.84","27.84","27.84","27.84","27.84","27.84","27.84","27.84","27.84","27.84","27.84","26.72","26.72"
"1968:Q4","28.1","28.1","28.1","28.1","28.1","28.1","28.1","28.1","28.1","28.1","28.1","28.1","28.1","28.1","28.1","28.13","28.13","28.13","28.13","28.13","28.13","28.13","28.13","28.13","28.13","28.13","28.13","28.13","28.13","28.13","28.13","28.13","28.13","28.13","28.13","28.13","28.13","28.13","28.13","28.13","28.13","28.13","28.13","28.13","28.13","27.01","27.01"
"1969:Q1","28.4","28.4","28.4","28.4","28.4","28.4","28.4","28.4","28.4","28.4","28.4","28.4","28.4","28.4","28.4","28.38","28.38","28.38","28.38","28.38","28.38","28.38","28.38","28.38","28.38","28.38","28.38","28.38","28.38","28.38","28.38","28.38","28.38","28.38","28.38","28.38","28.38","28.38","28.38","28.38","28.38","28.38","28.38","28.38","28.38","27.29","27.29"
"1969:Q2","28.7","28.7","28.7","28.7","28.7","28.7","28.7","28.7","28.7","28.7","28.7","28.7","28.7","28.7","28.7","28.66","28.66","28.66","28.66","28.66","28.66","28.66","28.66","28.66","28.66","28.66","28.66","28.66","28.66","28.66","28.66","28.66","28.66","28.66","28.66","28.66","28.66","28.66","28.66","28.66","28.66","28.66","28.66","28.66","28.66","27.6","27.6"
"1969:Q3","29.0","29.0","29.0","29.0","29.0","29.0","29.0","29.0","29.0","29.0","29.0","29.0","29.0","29.0","29.0","28.95","28.95","28.95","28.95","28.95","28.95","28.95","28.95","28.95","28.95","28.95","28.95","28.95","28.95","28.95","28.95","28.95","28.95","28.95","28.95","28.95","28.95","28.95","28.95","28.95","28.95","28.95","28.95","28.95","28.95","27.91","27.91"
"1969:Q4","29.3","29.3","29.3","29.3","29.3","29.3","29.3","29.3","29.3","29.3","29.3","29.3","29.3","29.3","29.3","29.27","29.27","29.27","29.27","29.27","29.27","29.27","29.27","29.27","29.27","29.27","29.27","29.27","29.27","29.27","29.27","29.27","29.27","29.27","29.27","29.27","29.27","29.27","29.27","29.27","29.27","29.27","29.27","29.27","29.27","28.22","28.22"
"1970:Q1","29.6","29.6","29.6","29.6","29.6","29.6","29.6","29.6","29.6","29.6","29.6","29.6","29.6","29.6","29.6","29.59","29.59","29.59","29.59","29.59","29.59","29.59","29.59","29.59","29.59","29.59","29.59","29.59","29.59","29.59","29.59","29.59","29.59","29.59","29.59","29.59","29.59","29.59","29.59","29.59","29.59","29.59","29.59","29.59","29.59","28.51","28.51"
"1970:Q2","29.9","29.9","29.9","29.9","29.9","29.9","29.9","29.9","29.9","29.9","29.9","29.9","29.9","29.9","29.9","29.9","29.9","29.9","29.9","29.9","29.9","29.9","29.9","29.9","29.9","29.9","29.9","29.9","29.9","29.9","29.9","29.9","29.9","29.9","29.9","29.9","29.9","29.9","29.9","29.9","29.9","29.9","29.9","29.9","29.9","28.82","28.82"
"1970:Q3","30.3","30.3","30.3","30.3","30.3","30.3","30.3","30.3","30.3","30.3","30.3","30.3","30.3","30.3","30.3","30.28","30.28","30.28","30.28","30.28","30.28","30.28","30.28","30.28","30.28","30.28","30.28","30.28","30.28","30.28","30.28","30.28","30.28","30.28","30.28","30.28","30.28","30.28","30.28","30.28","30.28","30.28","30.28","30.28","30.28","29.15","29.15"
"1970:Q4","30.8","30.8","30.8","30.8","30.8","30.8","30.8","30.8","30.8","30.8","30.8","30.8","30.8","30.8","30.8","30.75","30.75","30.75","30.75","30.75","30.75","30.75","30.75","30.75","30.75","30.75","30.75","30.75","30.75","30.75","30.75","30.75","30.75","30.75","30.75","30.75","30.75","30.75","30.75","30.75","30.75","30.75","30.75","30.75","30.75","29.6","29.6"
"1971:Q1","31.2","31.2","31.2","31.2","31.2","31.2","31.2","31.2","31.2","31.2","31.2","31.2","31.2","31.2","31.2","31.16","31.16","31.16","31.16","31.16","31.16","31.16","31.16","31.16","31.16","31.16","31.16","31.16","31.16","31.16","31.16","31.16","31.16","31.16","31.16","31.16","31.16","31.16","31.16","31.16","31.16","31.16","31.16","31.16","31.16","30.01","30.01"
"1971:Q2","31.5","31.5","31.5","31.5","31.5","31.5","31.5","31.5","31.5","31.5","31.5","31.5","31.5","31.5","31.5","31.53","31.53","31.53","31.53","31.53","31.53","31.53","31.53","31.53","31.53","31.53","31.53","31.53","31.53","31.53","31.53","31.53","31.53","31.53","31.53","31.53","31.53","31.53","31.53","31.53","31.53","31.53","31.53","31.53","31.53","30.38","30.38"
"1971:Q3","31.8","31.8","31.8","31.8","31.8","31.8","31.8","31.8","31.8","31.8","31.8","31.8","31.8","31.8","31.8","31.84","31.84","31.84","31.84","31.84","31.84","31.84","31.84","31.84","31.84","31.84","31.84","31.84","31.84","31.84","31.84","31.84","31.84","31.84","31.84","31.84","31.84","31.84","31.84","31.84","31.84","31.84","31.84","31.84","31.84","30.7","30.7"
"1971:Q4","32.0","32.0","32.0","32.0","32.0","32.0","32.0","32.0","32.0","32.0","32.0","32.0","32.0","32.0","32.0","32.03","32.03","32.03","32.03","32.03","32.03","32.03","32.03","32.03","32.03","32.03","32.03","32.03","32.03","32.03","32.03","32.03","32.03","32.03","32.03","32.03","32.03","32.03","32.03","32.03","32.03","32.03","32.03","32.03","32.03","30.89","30.89"
"1972:Q1","32.3","32.3","32.3","32.3","32.3","32.3","32.3","32.3","32.3","32.3","32.3","32.3","32.3","32.3","32.3","32.34","32.34","32.34","32.34","32.34","32.34","32.34","32.34","32.34","32.34","32.34","32.34","32.34","32.34","32.34","32.34","32.34","32.34","32.34","32.34","32.34","32.34","32.34","32.34","32.34","32.34","32.34","32.34","32.34","32.34","31.21","31.21"
"1972:Q2","32.6","32.6","32.6","32.6","32.6","32.6","32.6","32.6","32.6","32.6","32.6","32.6","32.6","32.6","32.6","32.57","32.57","32.57","32.57","32.57","32.57","32.57","32.57","32.57","32.57","32.57","32.57","32.57","32.57","32.57","32.57","32.57","32.57","32.57","32.57","32.57","32.57","32.57","32.57","32.57","32.57","32.57","32.57","32.57","32.57","31.44","31.44"
"1972:Q3","32.8","32.8","32.8","32.8","32.8","32.8","32.8","32.8","32.8","32.8","32.8","32.8","32.8","32.8","32.8","32.8","32.8","32.8","32.8","32.8","32.8","32.8","32.8","32.8","32.8","32.8","32.8","32.8","32.8","32.8","32.8","32.8","32.8","32.8","32.8","32.8","32.8","32.8","32.8","32.8","32.8","32.8","32.8","32.8","32.8","31.68","31.68"
"1972:Q4","33.0","33.0","33.0","33.0","33.0","33.0","33.0","33.0","33.0","33.0","33.0","33.0","33.0","33.0","33.0","33.02","33.02","33.02","33.02","33.02","33.02","33.02","33.02","33.02","33.02","33.02","33.02","33.02","33.02","33.02","33.02","33.02","33.02","33.02","33.02","33.02","33.02","33.02","33.02","33.02","33.02","33.02","33.02","33.02","33.02","31.89","31.89"
"1973:Q1","33.2","33.2","33.2","33.2","33.2","33.2","33.2","33.2","33.2","33.2","33.2","33.2","33.2","33.2","33.2","33.24","33.24","33.24","33.24","33.24","33.24","33.24","33.24","33.24","33.24","33.24","33.24","33.24","33.24","33.24","33.24","33.24","33.24","33.24","33.24","33.24","33.24","33.24","33.24","33.24","33.24","33.24","33.24","33.24","33.24","32.16","32.16"
"1973:Q2","33.7","33.7","33.7","33.7","33.7","33.7","33.7","33.7","33.7","33.7","33.7","33.7","33.7","33.7","33.7","33.67","33.67","33.67","33.67","33.67","33.67","33.67","33.67","33.67","33.67","33.67","33.67","33.67","33.67","33.67","33.67","33.67","33.67","33.67","33.67","33.67","33.67","33.67","33.67","33.67","33.67","33.67","33.67","33.67","33.67","32.57","32.57"
"1973:Q3","34.1","34.1","34.1","34.1","34.1","34.1","34.1","34.1","34.1","34.1","34.1","34.1","34.1","34.1","34.1","34.05","34.05","34.05","34.05","34.05","34.05","34.05","34.05","34.05","34.05","34.05","34.05","34.05","34.05","34.05","34.05","34.05","34.05","34.05","34.05","34.05","34.05","34.05","34.05","34.05","34.05","34.05","34.05","34.05","34.05","32.95","32.95"
"1973:Q4","34.5","34.5","34.5","34.5","34.5","34.5","34.5","34.5","34.5","34.5","34.5","34.5","34.5","34.5","34.5","34.45","34.45","34.45","34.45","34.45","34.45","34.45","34.45","34.45","34.45","34.45","34.45","34.45","34.45","34.45","34.45","34.45","34.45","34.45","34.45","34.45","34.45","34.45","34.45","34.45","34.45","34.45","34.45","34.45","34.45","33.29","33.29"
"1974:Q1","35.0","35.0","35.0","35.0","35.0","35.0","35.0","35.0","35.0","35.0","35.0","35.0","35.0","35.0","35.0","35.0","35.0","35.0","35.0","35.0","35.0","35.0","35.0","35.0","35.0","35.0","35.0","35.0","35.0","35.0","35.0","35.0","35.0","35.0","35.0","35.0","35.0","35.0","35.0","35.0","35.0","35.0","35.0","35.0","35.0","33.76","33.76"
"1974:Q2","35.8","35.8","35.8","35.8","35.8","35.8","35.8","35.8","35.8","35.8","35.8","35.8","35.8","35.8","35.8","35.81","35.81","35.81","35.81","35.81","35.81","35.81","35.81","35.81","35.81","35.81","35.81","35.81","35.81","35.81","35.81","35.81","35.81","35.81","35.81","35.81","35.81","35.81","35.81","35.81","35.81","35.81","35.81","35.81","35.81","34.52","34.52"
"1974:Q3","36.8","36.8","36.8","36.8","36.8","36.8","36.8","36.8","36.8","36.8","36.8","36.8","36.8","36.8","36.8","36.76","36.76","36.76","36.76","36.76","36.76","36.76","36.76","36.76","36.76","36.76","36.76","36.76","36.76","36.76","36.76","36.76","36.76","36.76","36.76","36.76","36.76","36.76","36.76","36.76","36.76","36.76","36.76","36.76","36.76","35.43","35.43"
"1974:Q4","37.6","37.6","37.6","37.6","37.6","37.6","37.6","37.6","37.6","37.6","37.6","37.6","37.6","37.6","37.6","37.64","37.64","37.64","37.64","37.64","37.64","37.64","37.64","37.64","37.64","37.64","37.64","37.64","37.64","37.64","37.64","37.64","37.64","37.64","37.64","37.64","37.64","37.64","37.64","37.64","37.64","37.64","37.64","37.64","37.64","36.24","36.24"
"1975:Q1","38.3","38.3","38.3","38.3","38.3","38.3","38.3","38.3","38.3","38.3","38.3","38.3","38.3","38.3","38.3","38.28","38.28","38.28","38.28","38.28","38.28","38.28","38.28","38.28","38.28","38.28","38.28","38.28","38.28","38.28","38.28","38.28","38.28","38.28","38.28","38.28","38.28","38.28","38.28","38.28","38.28","38.28","38.28","38.28","38.28","36.9","36.9"
"1975:Q2","38.9","38.9","38.9","38.9","38.9","38.9","38.9","38.9","38.9","38.9","38.9","38.9","38.9","38.9","38.9","38.89","38.89","38.89","38.89","38.89","38.89","38.89","38.89","38.89","38.89","38.89","38.89","38.89","38.89","38.89","38.89","38.89","38.89","38.89","38.89","38.89","38.89","38.89","38.89","38.89","38.89","38.89","38.89","38.89","38.89","37.46","37.46"
"1975:Q3","39.5","39.5","39.5","39.5","39.5","39.5","39.5","39.5","39.5","39.5","39.5","39.5","39.5","39.5","39.5","39.51","39.51","39.51","39.51","39.51","39.51","39.51","39.51","39.51","39.51","39.51","39.51","39.51","39.51","39.51","39.51","39.51","39.51","39.51","39.51","39.51","39.51","39.51","39.51","39.51","39.51","39.51","39.51","39.51","39.51","38.03","38.03"
"1975:Q4","40.2","40.2","40.2","40.2","40.2","40.2","40.2","40.2","40.2","40.2","40.2","40.2","40.2","40.2","40.2","40.16","40.16","40.16","40.16","40.16","40.16","40.16","40.16","40.16","40.16","40.16","40.16","40.16","40.16","40.16","40.16","40.16","40.16","40.16","40.16","40.16","40.16","40.16","40.16","40.16","40.16","40.16","40.16","40.16","40.16","38.66","38.66"
"1976:Q1","40.8","40.8","40.8","40.8","40.8","40.8","40.8","40.8","40.8","40.8","40.8","40.8","40.8","40.8","40.8","40.78","40.78","40.78","40.78","40.78","40.78","40.78","40.78","40.78","40.78","40.78","40.78","40.78","40.78","40.78","40.78","40.78","40.78","40.78","40.78","40.78","40.78","40.78","40.78","40.78","40.78","40.78","40.78","40.78","40.78","39.3","39.3"
"1976:Q2","41.3","41.3","41.3","41.3","41.3","41.3","41.3","41.3","41.3","41.3","41.3","41.3","41.3","41.3","41.3","41.31","41.31","41.31","41.31","41.31","41.31","41.31","41.31","41.31","41.31","41.31","41.31","41.31","41.31","41.31","41.31","41.31","41.31","41.31","41.31","41.31","41.31","41.31","41.31","41.31","41.31","41.31","41.31","41.31","41.31","39.84","39.84"
"1976:Q3","42.0","42.0","42.0","42.0","42.0","42.0","42.0","42.0","42.0","42.0","42.0","42.0","42.0","42.0","42.0","42.01","42.01","42.01","42.01","42.01","42.01","42.01","42.01","42.01","42.01","42.01","42.01","42.01","42.01","42.01","42.01","42.01","42.01","42.01","42.01","42.01","42.01","42.01","42.01","42.01","42.01","42.01","42.01","42.01","42.01","40.54","40.54"
"1976:Q4","42.7","42.7","42.7","42.7","42.7","42.7","42.7","42.7","42.7","42.7","42.7","42.7","42.7","42.7","42.7","42.74","42.74","42.74","42.74","42.74","42.74","42.74","42.74","42.74","42.74","42.74","42.74","42.74","42.74","42.74","42.74","42.74","42.74","42.74","42.74","42.74","42.74","42.74","42.74","42.74","42.74","42.74","42.74","42.74","42.74","41.26","41.26"
"1977:Q1","43.5","43.5","43.5","43.5","43.5","43.5","43.5","43.5","43.5","43.5","43.5","43.5","43.5","43.5","43.5","43.45","43.45","43.45","43.45","43.45","43.45","43.45","43.45","43.45","43.45","43.45","43.45","43.45","43.45","43.45","43.45","43.45","43.45","43.45","43.45","43.45","43.45","43.45","43.45","43.45","43.45","43.45","43.45","43.45","43.45","41.94","41.94"
"1977:Q2","44.1","44.1","44.1","44.1","44.1","44.1","44.1","44.1","44.1","44.1","44.1","44.1","44.1","44.1","44.1","44.11","44.11","44.11","44.11","44.11","44.11","44.11","44.11","44.11","44.11","44.11","44.11","44.11","44.11","44.11","44.11","44.11","44.11","44.11","44.11","44.11","44.11","44.11","44.11","44.11","44.11","44.11","44.11","44.11","44.11","42.6","42.6"
"1977:Q3","44.8","44.8","44.8","44.8","44.8","44.8","44.8","44.8","44.8","44.8","44.8","44.8","44.8","44.8","44.8","44.85","44.85","44.85","44.85","44.85","44.85","44.85","44.85","44.85","44.85","44.85","44.85","44.85","44.85","44.85","44.85","44.85","44.85","44.85","44.85","44.85","44.85","44.85","44.85","44.85","44.85","44.85","44.85","44.85","44.85","43.31","43.31"
"1977:Q4","45.5","45.5","45.5","45.5","45.5","45.5","45.5","45.5","45.5","45.5","45.5","45.5","45.5","45.5","45.5","45.53","45.53","45.53","45.53","45.53","45.53","45.53","45.53","45.53","45.53","45.53","45.53","45.53","45.53","45.53","45.53","45.53","45.53","45.53","45.53","45.53","45.53","45.53","45.53","45.53","45.53","45.53","45.53","45.53","45.53","43.92","43.92"
"1978:Q1","46.3","46.3","46.3","46.3","46.3","46.3","46.3","46.3","46.3","46.3","46.3","46.3","46.3","46.3","46.3","46.26","46.26","46.26","46.26","46.26","46.26","46.26","46.26","46.26","46.26","46.26","46.26","46.26","46.26","46.26","46.26","46.26","46.26","46.26","46.26","46.26","46.26","46.26","46.26","46.26","46.26","46.26","46.26","46.26","46.26","44.58","44.58"
"1978:Q2","47.1","47.1","47.1","47.1","47.1","47.1","47.1","47.1","47.1","47.1","47.1","47.1","47.1","47.1","47.1","47.12","47.12","47.12","47.12","47.12","47.12","47.12","47.12","47.12","47.12","47.12","47.12","47.12","47.12","47.12","47.12","47.12","47.12","47.12","47.12","47.12","47.12","47.12","47.12","47.12","47.12","47.12","47.12","47.12","47.12","45.33","45.33"
"1978:Q3","48.0","48.0","48.0","48.0","48.0","48.0","48.0","48.0","48.0","48.0","48.0","48.0","48.0","48.0","48.0","47.96","47.96","47.96","47.96","47.96","47.96","47.96","47.96","47.96","47.96","47.96","47.96","47.96","47.96","47.96","47.96","47.96","47.96","47.96","47.96","47.96","47.96","47.96","47.96","47.96","47.96","47.96","47.96","47.96","47.96","46.06","46.06"
"1978:Q4","48.8","48.8","48.8","48.8","48.8","48.8","48.8","48.8","48.8","48.8","48.8","48.8","48.8","48.8","48.8","48.78","48.78","48.78","48.78","48.78","48.78","48.78","48.78","48.78","48.78","48.78","48.78","48.78","48.78","48.78","48.78","48.78","48.78","48.78","48.78","48.78","48.78","48.78","48.78","48.78","48.78","48.78","48.78","48.78","48.78","46.8","46.8"
"1979:Q1","49.5","49.5","49.5","49.5","49.5","49.5","49.5","49.5","49.5","49.5","49.5","49.5","49.5","49.5","49.5","49.55","49.55","49.55","49.55","49.55","49.55","49.55","49.55","49.55","49.55","49.55","49.55","49.55","49.55","49.55","49.55","49.55","49.55","49.55","49.55","49.55","49.55","49.55","49.55","49.55","49.55","49.55","49.55","49.55","49.55","47.49","47.49"
"1979:Q2","50.4","50.4","50.4","50.4","50.4","50.4","50.4","50.4","50.4","50.4","50.4","50.4","50.4","50.4","50.4","50.41","50.41","50.41","50.41","50.41","50.41","50.41","50.41","50.41","50.41","50.41","50.41","50.41","50.41","50.41","50.41","50.41","50.41","50.41","50.41","50.41","50.41","50.41","50.41","50.41","50.41","50.41","50.41","50.41","50.41","48.27","48.27"
"1979:Q3","51.3","51.3","51.3","51.3","51.3","51.3","51.3","51.3","51.3","51.3","51.3","51.3","51.3","51.3","51.3","51.34","51.34","51.34","51.34","51.34","51.34","51.34","51.34","51.34","51.34","51.34","51.34","51.34","51.34","51.34","51.34","51.34","51.34","51.34","51.34","51.34","51.34","51.34","51.34","51.34","51.34","51.34","51.34","51.34","51.34","49.06","49.06"
"1979:Q4","52.4","52.4","52.4","52.4","52.4","52.4","52.4","52.4","52.4","52.4","52.4","52.4","52.4","52.4","52.4","52.44","52.44","52.44","52.44","52.44","52.44","52.44","52.44","52.44","52.44","52.44","52.44","52.44","52.44","52.44","52.44","52.44","52.44","52.44","52.44","52.44","52.44","52.44","52.44","52.44","52.44","52.44","52.44","52.44","52.44","50.05","50.05"
"1980:Q1","53.8","53.8","53.8","53.8","53.8","53.8","53.8","53.8","53.8","53.8","53.8","53.8","53.8","53.8","53.8","53.78","53.78","53.78","53.78","53.78","53.78","53.78","53.78","53.78","53.78","53.78","53.78","53.78","53.78","53.78","53.78","53.78","53.78","53.78","53.78","53.78","53.78","53.78","53.78","53.78","53.78","53.78","53.78","53.78","53.78","51.23","51.23"
"1980:Q2","55.0","55.0","55.0","55.0","55.0","55.0","55.0","55.0","55.0","55.0","55.0","55.0","55.0","55.0","55.0","55.05","55.05","55.05","55.05","55.05","55.05","55.05","55.05","55.05","55.05","55.05","55.05","55.05","55.05","55.05","55.05","55.05","55.05","55.05","55.05","55.05","55.05","55.05","55.05","55.05","55.05","55.05","55.05","55.05","55.05","52.38","52.38"
"1980:Q3","56.3","56.3","56.3","56.3","56.3","56.3","56.3","56.3","56.3","56.3","56.3","56.3","56.3","56.3","56.3","56.28","56.28","56.28","56.28","56.28","56.28","56.28","56.28","56.28","56.28","56.28","56.28","56.28","56.28","56.28","56.28","56.28","56.28","56.28","56.28","56.28","56.28","56.28","56.28","56.28","56.28","56.28","56.28","56.28","56.28","53.5","53.5"
"1980:Q4","57.5","57.5","57.5","57.5","57.5","57.5","57.5","57.5","57.5","57.5","57.5","57.5","57.5","57.5","57.5","57.52","57.52","57.52","57.52","57.52","57.52","57.52","57.52","57.52","57.52","57.52","57.52","57.52","57.52","57.52","57.52","57.52","57.52","57.52","57.52","57.52","57.52","57.52","57.52","57.52","57.52","57.52","57.52","57.52","57.52","54.64","54.64"
"1981:Q1","58.7","58.7","58.7","58.7","58.7","58.7","58.7","58.7","58.7","58.7","58.7","58.7","58.7","58.7","58.7","58.7","58.7","58.7","58.7","58.7","58.7","58.7","58.7","58.7","58.7","58.7","58.7","58.7","58.7","58.7","58.7","58.7","58.7","58.7","58.7","58.7","58.7","58.7","58.7","58.7","58.7","58.7","58.7","58.7","58.7","55.8","55.8"
"1981:Q2","59.8","59.8","59.8","59.8","59.8","59.8","59.8","59.8","59.8","59.8","59.8","59.8","59.8","59.8","59.8","59.84","59.84","59.84","59.84","59.84","59.84","59.84","59.84","59.84","59.84","59.84","59.84","59.84","59.84","59.84","59.84","59.84","59.84","59.84","59.84","59.84","59.84","59.84","59.84","59.84","59.84","59.84","59.84","59.84","59.84","56.85","56.85"
"1981:Q3","61.1","61.1","61.1","61.1","61.1","61.1","61.1","61.1","61.1","61.1","61.1","61.1","61.1","61.1","61.1","61.12","61.12","61.12","61.12","61.12","61.12","61.12","61.12","61.12","61.12","61.12","61.12","61.12","61.12","61.12","61.12","61.12","61.12","61.12","61.12","61.12","61.12","61.12","61.12","61.12","61.12","61.12","61.12","61.12","61.12","58.0","58.0"
"1981:Q4","62.3","62.3","62.3","62.3","62.3","62.3","62.3","62.3","62.3","62.3","62.3","62.3","62.3","62.3","62.3","62.31","62.31","62.31","62.31","62.31","62.31","62.31","62.31","62.31","62.31","62.31","62.31","62.31","62.31","62.31","62.31","62.31","62.31","62.31","62.31","62.31","62.31","62.31","62.31","62.31","62.31","62.31","62.31","62.31","62.31","59.07","59.07"
"1982:Q1","63.2","63.2","63.2","63.2","63.2","63.2","63.2","63.2","63.2","63.2","63.2","63.2","63.2","63.2","63.2","63.22","63.22","63.22","63.22","63.22","63.22","63.22","63.22","63.22","63.22","63.22","63.22","63.22","63.22","63.22","63.22","63.22","63.22","63.22","63.22","63.22","63.22","63.22","63.22","63.22","63.22","63.22","63.22","63.22","63.22","59.83","59.83"
"1982:Q2","64.1","64.1","64.1","64.1","64.1","64.1","64.1","64.1","64.1","64.1","64.1","64.1","64.1","64.1","64.1","64.08","64.08","64.08","64.08","64.08","64.08","64.08","64.08","64.08","64.08","64.08","64.08","64.08","64.08","64.08","64.08","64.08","64.08","64.08","64.08","64.08","64.08","64.08","64.08","64.08","64.08","64.08","64.08","64.08","64.08","60.65","60.65"
"1982:Q3","65.1","65.1","65.1","65.1","65.1","65.1","65.1","65.1","65.1","65.1","65.1","65.1","65.1","65.1","65.1","65.11","65.11","65.11","65.11","65.11","65.11","65.11","65.11","65.11","65.11","65.11","65.11","65.11","65.11","65.11","65.11","65.11","65.11","65.11","65.11","65.11","65.11","65.11","65.11","65.11","65.11","65.11","65.11","65.11","65.11","61.59","61.59"
"1982:Q4","66.0","66.0","66.0","66.0","66.0","66.0","66.0","66.0","66.0","66.0","66.0","66.0","66.0","66.0","66.0","66.03","66.03","66.03","66.03","66.03","66.03","66.03","66.03","66.03","66.03","66.03","66.03","66.03","66.03","66.03","66.03","66.03","66.03","66.03","66.03","66.03","66.03","66.03","66.03","66.03","66.03","66.03","66.03","66.03","66.03","62.46","62.46"
"1983:Q1","66.9","66.9","66.9","66.9","66.9","66.9","66.9","66.9","66.9","66.9","66.9","66.9","66.9","66.9","66.9","66.92","66.92","66.92","66.92","66.92","66.92","66.92","66.92","66.92","66.92","66.92","66.92","66.92","66.92","66.92","66.92","66.92","66.92","66.92","66.92","66.92","66.92","66.92","66.92","66.92","66.92","66.92","66.92","66.92","66.92","63.36","63.36"
"1983:Q2","67.7","67.7","67.7","67.7","67.7","67.7","67.7","67.7","67.7","67.7","67.7","67.7","67.7","67.7","67.7","67.73","67.73","67.73","67.73","67.73","67.73","67.73","67.73","67.73","67.73","67.73","67.73","67.73","67.73","67.73","67.73","67.73","67.73","67.73","67.73","67.73","67.73","67.73","67.73","67.73","67.73","67.73","67.73","67.73","67.73","64.1","64.1"
"1983:Q3","68.7","68.7","68.7","68.7","68.7","68.7","68.7","68.7","68.7","68.7","68.7","68.7","68.7","68.7","68.7","68.65","68.65","68.65","68.65","68.65","68.65","68.65","68.65","68.65","68.65","68.65","68.65","68.65","68.65","68.65","68.65","68.65","68.65","68.65","68.65","68.65","68.65","68.65","68.65","68.65","68.65","68.65","68.65","68.65","68.65","64.89","64.89"
"1983:Q4","69.4","69.4","69.4","69.4","69.4","69.4","69.4","69.4","69.4","69.4","69.4","69.4","69.4","69.4","69.4","69.44","69.44","69.44","69.44","69.44","69.44","69.44","69.44","69.44","69.44","69.44","69.44","69.44","69.44","69.44","69.44","69.44","69.44","69.44","69.44","69.44","69.44","69.44","69.44","69.44","69.44","69.44","69.44","69.44","69.44","65.58","65.58"
"1984:Q1","70.0","70.0","70.0","70.0","70.0","70.0","70.0","70.0","70.0","70.0","70.0","70.0","70.0","70.0","70.0","69.96","69.96","69.96","69.96","69.96","69.96","69.96","69.96","69.96","69.96","69.96","69.96","69.96","69.96","69.96","69.96","69.96","69.96","69.96","69.96","69.96","69.96","69.96","69.96","69.96","69.96","69.96","69.96","69.96","69.96","66.12","66.12"
"1984:Q2","70.7","70.7","70.7","70.7","70.7","70.7","70.7","70.7","70.7","70.7","70.7","70.7","70.7","70.7","70.7","70.68","70.68","70.68","70.68","70.68","70.68","70.68","70.68","70.68","70.68","70.68","70.68","70.68","70.68","70.68","70.68","70.68","70.68","70.68","70.68","70.68","70.68","70.68","70.68","70.68","70.68","70.68","70.68","70.68","70.68","66.8","66.8"
"1984:Q3","71.3","71.3","71.3","71.3","71.3","71.3","71.3","71.3","71.3","71.3","71.3","71.3","71.3","71.3","71.3","71.31","71.31","71.31","71.31","71.31","71.31","71.31","71.31","71.31","71.31","71.31","71.31","71.31","71.31","71.31","71.31","71.31","71.31","71.31","71.31","71.31","71.31","71.31","71.31","71.31","71.31","71.31","71.31","71.31","71.31","67.38","67.38"
"1984:Q4","72.0","72.0","72.0","72.0","72.0","72.0","72.0","72.0","72.0","72.0","72.0","72.0","72.0","72.0","72.0","71.95","71.95","71.95","71.95","71.95","71.95","71.95","71.95","71.95","71.95","71.95","71.95","71.95","71.95","71.95","71.95","71.95","71.95","71.95","71.95","71.95","71.95","71.95","71.95","71.95","71.95","71.95","71.95","71.95","71.95","67.93","67.93"
"1985:Q1","72.8","72.8","72.8","72.8","72.8","72.8","72.8","72.8","72.8","72.8","72.8","72.8","72.8","72.8","72.8","72.78","72.78","72.78","72.78","72.78","72.78","72.78","72.78","72.78","72.78","72.78","72.78","72.78","72.78","72.78","72.78","72.78","72.78","72.78","72.78","72.78","72.78","72.78","72.78","72.78","72.78","72.78","72.78","72.78","72.78","68.72","68.72"
"1985:Q2","73.6","73.6","73.6","73.6","73.6","73.6","73.6","73.6","73.6","73.6","73.6","73.6","73.6","73.6","73.6","73.61","73.61","73.61","73.61","73.61","73.61","73.61","73.61","73.61","73.61","73.61","73.61","73.61","73.61","73.61","73.61","73.61","73.61","73.61","73.61","73.61","73.61","73.61","73.61","73.61","73.61","73.61","73.61","73.61","73.61","69.41","69.41"
"1985:Q3","74.4","74.4","74.4","74.4","74.4","74.4","74.4","74.4","74.4","74.4","74.4","74.4","74.4","74.4","74.4","74.36","74.36","74.36","74.36","74.36","74.36","74.36","74.36","74.36","74.36","74.36","74.36","74.36","74.36","74.36","74.36","74.36","74.36","74.36","74.36","74.36","74.36","74.36","74.36","74.36","74.36","74.36","74.36","74.36","74.36","70.03","70.03"
"1985:Q4","75.3","75.3","75.3","75.3","75.3","75.3","75.3","75.3","75.3","75.3","75.3","75.3","75.3","75.3","75.3","75.28","75.28","75.28","75.28","75.28","75.28","75.28","75.28","75.28","75.28","75.28","75.28","75.28","75.28","75.28","75.28","75.28","75.28","75.28","75.28","75.28","75.28","75.28","75.28","75.28","75.28","75.28","75.28","75.28","75.28","70.75","70.75"
"1986:Q1","76.0","76.0","76.0","76.0","76.0","76.0","76.0","76.0","76.0","76.0","76.0","76.0","76.0","76.0","76.0","76.03","76.03","76.03","76.03","76.03","76.03","76.03","76.03","76.03","76.03","76.03","76.03","76.03","76.03","76.03","76.03","76.03","76.03","76.03","76.03","76.03","76.03","76.03","76.03","76.03","76.03","76.03","76.03","76.03","76.03","71.36","71.36"
"1986:Q2","76.7","76.7","76.7","76.7","76.7","76.7","76.7","76.7","76.7","76.7","76.7","76.7","76.7","76.7","76.7","76.72","76.72","76.72","76.72","76.72","76.72","76.72","76.72","76.72","76.72","76.72","76.72","76.72","76.72","76.72","76.72","76.72","76.72","76.72","76.72","76.72","76.72","76.72","76.72","76.72","76.72","76.72","76.72","76.72","76.72","71.95","71.95"
"1986:Q3","77.5","77.5","77.5","77.5","77.5","77.5","77.5","77.5","77.5","77.5","77.5","77.5","77.5","77.5","77.5","77.52","77.52","77.52","77.52","77.52","77.52","77.52","77.52","77.52","77.52","77.52","77.52","77.52","77.52","77.52","77.52","77.52","77.52","77.52","77.52","77.52","77.52","77.52","77.52","77.52","77.52","77.52","77.52","77.52","77.52","72.61","72.61"
"1986:Q4","78.3","78.3","78.3","78.3","78.3","78.3","78.3","78.3","78.3","78.3","78.3","78.3","78.3","78.3","78.3","78.26","78.26","78.26","78.26","78.26","78.26","78.26","78.26","78.26","78.26","78.26","78.26","78.26","78.26","78.26","78.26","78.26","78.26","78.26","78.26","78.26","78.26","78.26","78.26","78.26","78.26","78.26","78.26","78.26","78.26","73.29","73.29"
"1987:Q1","79.0","79.0","79.0","79.0","79.0","79.0","79.0","79.0","79.0","79.0","79.0","79.0","79.0","79.0","79.0","79.01","79.01","79.01","79.01","79.01","79.01","79.01","79.01","79.01","79.01","79.01","79.01","79.01","79.01","79.01","79.01","79.01","79.01","79.01","79.01","79.01","79.01","79.01","79.01","79.01","79.01","79.01","79.01","79.01","79.01","74.04","74.04"
"1987:Q2","79.8","79.8","79.8","79.8","79.8","79.8","79.8","79.8","79.8","79.8","79.8","79.8","79.8","79.8","79.8","79.79","79.79","79.79","79.79","79.79","79.79","79.79","79.79","79.79","79.79","79.79","79.79","79.79","79.79","79.79","79.79","79.79","79.79","79.79","79.79","79.79","79.79","79.79","79.79","79.79","79.79","79.79","79.79","79.79","79.79","74.82","74.82"
"1987:Q3","80.6","80.6","80.6","80.6","80.6","80.6","80.6","80.6","80.6","80.6","80.6","80.6","80.6","80.6","80.6","80.63","80.63","80.63","80.63","80.63","80.63","80.63","80.63","80.63","80.63","80.63","80.63","80.63","80.63","80.63","80.63","80.63","80.63","80.63","80.63","80.63","80.63","80.63","80.63","80.63","80.63","80.63","80.63","80.63","80.63","75.47","75.47"
"1987:Q4","81.7","81.7","81.7","81.7","81.7","81.7","81.7","81.7","81.7","81.7","81.7","81.7","81.7","81.7","81.7","81.66","81.66","81.66","81.66","81.66","81.66","81.66","81.66","81.66","81.66","81.66","81.66","81.66","81.66","81.66","81.66","81.66","81.66","81.66","81.66","81.66","81.66","81.66","81.66","81.66","81.66","81.66","81.66","81.66","81.66","76.35","76.35"
"1988:Q1","82.3","82.3","82.3","82.3","82.3","82.3","82.3","82.3","82.3","82.3","82.3","82.3","82.3","82.3","82.3","82.26","82.26","82.26","82.26","82.26","82.26","82.26","82.26","82.26","82.26","82.26","82.26","82.26","82.26","82.26","82.26","82.26","82.26","82.26","82.26","82.26","82.26","82.26","82.26","82.26","82.26","82.26","82.26","82.26","82.26","76.94","76.94"
"1988:Q2","83.4","83.4","83.4","83.4","83.4","83.4","83.4","83.4","83.4","83.4","83.4","83.4","83.4","83.4","83.4","83.36","83.36","83.36","83.36","83.36","83.36","83.36","83.36","83.36","83.36","83.36","83.36","83.36","83.36","83.36","83.36","83.36","83.36","83.36","83.36","83.36","83.36","83.36","83.36","83.36","83.36","83.36","83.36","83.36","83.36","77.91","77.91"
"1988:Q3","84.4","84.4","84.4","84.4","84.4","84.4","84.4","84.4","84.4","84.4","84.4","84.4","84.4","84.4","84.4","84.41","84.41","84.41","84.41","84.41","84.41","84.41","84.41","84.41","84.41","84.41","84.41","84.41","84.41","84.41","84.41","84.41","84.41","84.41","84.41","84.41","84.41","84.41","84.41","84.41","84.41","84.41","84.41","84.41","84.41","78.78","78.78"
"1988:Q4","85.5","85.5","85.5","85.5","85.5","85.5","85.5","85.5","85.5","85.5","85.5","85.5","85.5","85.5","85.5","85.47","85.47","85.47","85.47","85.47","85.47","85.47","85.47","85.47","85.47","85.47","85.47","85.47","85.47","85.47","85.47","85.47","85.47","85.47","85.47","85.47","85.47","85.47","85.47","85.47","85.47","85.47","85.47","85.47","85.47","79.65","79.65"
"1989:Q1","86.5","86.5","86.5","86.5","86.5","86.5","86.5","86.5","86.5","86.5","86.5","86.5","86.5","86.5","86.5","86.51","86.51","86.51","86.51","86.51","86.51","86.51","86.51","86.51","86.51","86.51","86.51","86.51","86.51","86.51","86.51","86.51","86.51","86.51","86.51","86.51","86.51","86.51","86.51","86.51","86.51","86.51","86.51","86.51","86.51","80.52","80.52"
"1989:Q2","87.4","87.4","87.4","87.4","87.4","87.4","87.4","87.4","87.4","87.4","87.4","87.4","87.4","87.4","87.4","87.4","87.4","87.4","87.4","87.4","87.4","87.4","87.4","87.4","87.4","87.4","87.4","87.4","87.4","87.4","87.4","87.4","87.4","87.4","87.4","87.4","87.4","87.4","87.4","87.4","87.4","87.4","87.4","87.4","87.4","81.25","81.25"
"1989:Q3","88.1","88.1","88.1","88.1","88.1","88.1","88.1","88.1","88.1","88.1","88.1","88.1","88.1","88.1","88.1","88.15","88.15","88.15","88.15","88.15","88.15","88.15","88.15","88.15","88.15","88.15","88.15","88.15","88.15","88.15","88.15","88.15","88.15","88.15","88.15","88.15","88.15","88.15","88.15","88.15","88.15","88.15","88.15","88.15","88.15","81.88","81.88"
"1989:Q4","89.3","89.3","89.3","89.3","89.3","89.3","89.3","89.3","89.3","89.3","89.3","89.3","89.3","89.3","89.3","89.28","89.28","89.28","89.28","89.28","89.28","89.28","89.28","89.28","89.28","89.28","89.28","89.28","89.28","89.28","89.28","89.28","89.28","89.28","89.28","89.28","89.28","89.28","89.28","89.28","89.28","89.28","89.28","89.28","89.28","82.82","82.82"
"1990:Q1","90.2","90.2","90.2","90.2","90.2","90.2","90.2","90.2","90.2","90.2","90.2","90.2","90.2","90.2","90.2","90.23","90.23","90.23","90.23","90.23","90.23","90.23","90.23","90.23","90.23","90.23","90.23","90.23","90.23","90.23","90.23","90.23","90.23","90.23","90.23","90.23","90.23","90.23","90.23","90.23","90.23","90.23","90.23","90.23","90.23","83.69","83.69"
"1990:Q2","91.6","91.6","91.6","91.6","91.6","91.6","91.6","91.6","91.6","91.6","91.6","91.6","91.6","91.6","91.6","91.6","91.6","91.6","91.6","91.6","91.6","91.6","91.6","91.6","91.6","91.6","91.6","91.6","91.6","91.6","91.6","91.6","91.6","91.6","91.6","91.6","91.6","91.6","91.6","91.6","91.6","91.6","91.6","91.6","91.6","84.78","84.78"
"1990:Q3","92.7","92.7","92.7","92.7","92.7","92.7","92.7","92.7","92.7","92.7","92.7","92.7","92.7","92.7","92.7","92.7","92.7","92.7","92.7","92.7","92.7","92.7","92.7","92.7","92.7","92.7","92.7","92.7","92.7","92.7","92.7","92.7","92.7","92.7","92.7","92.7","92.7","92.7","92.7","92.7","92.7","92.7","92.7","92.7","92.7","85.67","85.67"
"1990:Q4","93.7","93.7","93.7","93.7","93.7","93.7","93.7","93.7","93.7","93.7","93.7","93.7","93.7","93.7","93.7","93.7","93.7","93.7","93.7","93.7","93.7","93.7","93.7","93.7","93.7","93.7","93.7","93.7","93.7","93.7","93.7","93.7","93.7","93.7","93.7","93.7","93.7","93.7","93.7","93.7","93.7","93.7","93.7","93.7","93.7","86.45","86.45"
"1991:Q1","94.9","94.9","94.9","94.9","94.9","94.9","94.9","94.9","94.9","94.9","94.9","94.9","94.9","94.9","94.9","94.91","94.91","94.91","94.91","94.91","94.91","94.91","94.91","94.91","94.91","94.91","94.91","94.91","94.91","94.91","94.91","94.91","94.91","94.91","94.91","94.91","94.91","94.91","94.91","94.91","94.91","94.91","94.91","94.91","94.91","87.3","87.3"
"1991:Q2","95.8","95.8","95.8","95.8","95.8","95.8","95.8","95.8","95.8","95.8","95.8","95.8","95.8","95.8","95.8","95.76","95.76","95.76","95.76","95.76","95.76","95.76","95.76","95.76","95.76","95.76","95.76","95.76","95.76","95.76","95.76","95.76","95.76","95.76","95.76","95.76","95.76","95.76","95.76","95.76","95.76","95.76","95.76","95.76","95.76","87.96","87.96"
"1991:Q3","96.7","96.7","96.7","96.7","96.7","96.7","96.7","96.7","96.7","96.7","96.7","96.7","96.7","96.7","96.7","96.75","96.75","96.75","96.75","96.75","96.75","96.75","96.75","96.75","96.75","96.75","96.75","96.75","96.75","96.75","96.75","96.75","96.75","96.75","96.75","96.75","96.75","96.75","96.75","96.75","96.75","96.75","96.75","96.75","96.75","88.64","88.64"
"1991:Q4","97.7","97.7","97.7","97.7","97.7","97.7","97.7","97.7","97.7","97.7","97.7","97.7","97.7","97.7","97.7","97.74","97.74","97.74","97.74","97.74","97.74","97.74","97.74","97.74","97.74","97.74","97.74","97.74","97.74","97.74","97.74","97.74","97.74","97.74","97.74","97.74","97.74","97.74","97.74","97.74","97.74","97.74","97.74","97.74","97.74","89.39","89.39"
"1992:Q1","98.8","98.8","98.8","98.8","98.8","98.8","98.8","98.8","98.8","98.8","98.8","98.8","98.8","98.8","98.8","98.83","98.83","98.83","98.83","98.83","98.83","98.83","98.83","98.83","98.83","98.83","98.83","98.83","98.83","98.83","98.83","98.83","98.83","98.83","98.83","98.83","98.83","98.83","98.83","98.83","98.83","98.83","98.83","98.83","98.83","90.21","90.21"
"1992:Q2","99.7","99.7","99.7","99.7","99.7","99.7","99.7","99.7","99.7","99.7","99.7","99.7","99.7","99.7","99.7","99.7","99.7","99.7","99.7","99.7","99.7","99.7","99.7","99.7","99.7","99.7","99.7","99.7","99.7","99.7","99.7","99.7","99.7","99.7","99.7","99.7","99.7","99.7","99.7","99.7","99.7","99.7","99.7","99.7","99.7","90.84","90.84"
"1992:Q3","100.3","100.3","100.3","100.3","100.3","100.3","100.3","100.3","100.3","100.3","100.3","100.3","100.3","100.3","100.3","100.29","100.29","100.29","100.29","100.29","100.29","100.29","100.29","100.29","100.29","100.29","100.29","100.29","100.29","100.29","100.29","100.29","100.29","100.29","100.29","100.29","100.29","100.29","100.29","100.29","100.29","100.29","100.29","100.29","100.29","91.32","91.32"
"1992:Q4","101.2","101.2","101.2","101.2","101.2","101.2","101.2","101.2","101.2","101.2","101.2","101.2","101.2","101.2","101.2","101.18","101.18","101.18","101.18","101.18","101.18","101.18","101.18","101.18","101.18","101.18","101.18","101.18","101.18","101.18","101.18","101.18","101.18","101.18","101.18","101.18","101.18","101.18","101.18","101.18","101.18","101.18","101.18","101.18","101.18","92.14","92.14"
"1993:Q1","102.0","102.0","102.0","102.0","102.0","102.0","102.0","102.0","102.0","102.0","102.0","102.0","102.0","102.0","102.0","102.01","102.01","102.01","102.02","102.02","102.02","102.02","102.02","102.02","102.02","102.02","102.02","102.02","102.02","102.02","102.02","102.02","102.02","102.02","102.02","102.02","102.02","102.02","102.02","102.02","102.02","102.02","102.02","102.02","102.02","92.97","92.97"
"1993:Q2","102.7","102.7","102.7","102.7","102.7","102.7","102.7","102.7","102.7","102.7","102.7","102.7","102.7","102.7","102.7","102.73","102.73","102.73","102.74","102.74","102.74","102.74","102.74","102.74","102.74","102.74","102.74","102.74","102.74","102.74","102.74","102.74","102.74","102.74","102.74","102.74","102.74","102.74","102.74","102.74","102.74","102.74","102.74","102.74","102.74","93.75","93.75"
"1993:Q3","103.2","103.2","103.2","103.2","103.2","103.2","103.2","103.2","103.2","103.2","103.2","103.2","103.2","103.2","103.2","103.17","103.17","103.17","103.18","103.18","103.18","103.18","103.18","103.18","103.18","103.18","103.18","103.18","103.18","103.18","103.18","103.18","103.18","103.18","103.18","103.18","103.18","103.18","103.18","103.18","103.18","103.18","103.18","103.18","103.18","94.25","94.25"
"1993:Q4","103.8","103.8","103.8","103.8","103.8","103.8","103.8","103.8","103.8","103.8","103.8","103.8","103.8","103.8","103.8","103.83","103.83","103.83","103.92","103.92","103.92","103.92","103.92","103.92","103.92","103.92","103.92","103.92","103.92","103.92","103.92","103.92","103.92","103.92","103.92","103.92","103.92","103.92","103.92","103.92","103.92","103.92","103.92","103.92","103.92","94.84","94.84"
"1994:Q1","104.6","104.6","104.6","104.6","104.6","104.6","104.6","104.6","104.6","104.6","104.6","104.6","104.6","104.6","104.6","104.57","104.57","104.57","104.45","104.45","104.45","104.45","104.45","104.45","104.45","104.45","104.45","104.45","104.45","104.45","104.45","104.45","104.45","104.45","104.45","104.45","104.45","104.45","104.45","104.45","104.45","104.45","104.45","104.45","104.45","95.13","95.13"
"1994:Q2","105.2","105.2","105.2","105.2","105.2","105.2","105.3","105.3","105.3","105.3","105.3","105.3","105.3","105.3","105.3","105.25","105.25","105.25","105.3","105.3","105.3","105.3","105.3","105.3","105.3","105.3","105.3","105.3","105.3","105.3","105.3","105.3","105.3","105.3","105.3","105.3","105.3","105.3","105.3","105.3","105.3","105.3","105.3","105.3","105.3","95.74","95.74"
"1994:Q3","106.0","106.0","106.0","106.0","106.0","106.0","106.0","106.0","106.0","106.0","106.0","106.0","106.0","106.0","106.0","105.99","105.99","105.99","106.05","106.05","106.05","106.05","106.05","106.05","106.05","106.05","106.05","106.05","106.05","106.05","106.05","106.05","106.05","106.05","106.05","106.05","106.05","106.05","106.05","106.05","106.05","106.05","106.05","106.05","106.05","96.45","96.45"
"1994:Q4","106.5","106.5","106.5","106.5","106.5","106.5","106.5","106.5","106.5","106.5","106.5","106.5","106.5","106.5","106.5","106.5","106.5","106.5","106.78","106.78","106.78","106.78","106.78","106.78","106.78","106.78","106.78","106.78","106.78","106.78","106.78","106.78","106.78","106.78","106.78","106.78","106.78","106.78","106.78","106.78","106.78","106.78","106.78","106.78","106.78","96.88","96.88"
"1995:Q1","107.3","107.3","107.3","107.3","107.3","107.3","107.3","107.3","107.3","107.3","107.3","107.3","107.3","107.3","107.3","107.26","107.26","107.26","107.63","107.63","107.63","107.63","107.63","107.63","107.63","107.63","107.63","107.63","107.63","107.63","107.3","107.3","107.3","107.3","107.3","107.3","107.3","107.3","107.3","107.3","107.3","107.3","107.3","107.3","107.3","97.53","97.53"
"1995:Q2","108.0","108.0","108.0","108.0","108.0","108.0","108.0","108.0","108.0","108.0","108.0","108.0","108.0","108.0","108.0","107.97","107.97","107.97","108.3","108.3","108.3","108.3","108.3","108.3","108.3","108.3","108.3","108.3","108.3","108.3","107.98","107.98","107.98","107.98","107.98","107.98","107.98","107.98","107.98","107.98","107.98","107.98","107.98","107.98","107.98","98.09","98.09"
"1995:Q3","108.7","108.5","108.5","108.5","108.5","108.5","108.5","108.5","108.5","108.5","108.5","108.5","108.5","108.5","108.5","108.46","108.46","108.46","108.88","108.88","108.88","108.88","108.88","108.88","108.88","108.88","108.88","108.88","108.88","108.88","108.51","108.51","108.51","108.51","108.51","108.51","108.51","108.51","108.51","108.51","108.51","108.51","108.51","108.51","108.51","98.58","98.58"
"1995:Q4","#N/A","109.1","109.1","109.1","109.1","109.1","109.0","109.0","109.0","109.0","109.0","109.0","109.0","109.0","109.0","108.95","108.95","108.95","109.35","109.35","109.35","109.35","109.35","109.35","109.35","109.35","109.35","109.35","109.35","109.35","108.99","108.99","108.99","108.99","108.99","108.99","108.99","108.99","108.99","108.99","108.99","108.99","108.99","108.99","108.99","99.01","99.01"
"1996:Q1","#N/A","#N/A","#N/A","109.6","109.6","109.6","109.4","109.4","109.4","109.4","109.4","109.4","109.4","109.4","109.4","109.43","109.43","109.43","109.92","109.92","109.92","109.92","109.92","109.92","109.92","109.92","109.92","109.92","109.92","109.92","109.43","109.43","109.43","109.43","109.43","109.43","109.43","109.43","109.43","109.43","109.43","109.43","109.43","109.43","109.43","99.45","99.45"
"1996:Q2","#N/A","#N/A","#N/A","#N/A","#N/A","#N/A","110.0","110.0","110.0","110.0","110.0","110.0","110.0","110.0","110.0","110.01","110.01","110.01","110.52","110.52","110.52","110.52","110.52","110.52","110.52","110.52","110.52","110.52","110.52","110.52","109.9","109.9","109.9","109.9","109.9","109.9","109.9","109.9","109.9","109.9","109.9","109.9","109.9","109.9","109.9","99.82","99.82"
"1996:Q3","#N/A","#N/A","#N/A","#N/A","#N/A","#N/A","#N/A","#N/A","#N/A","110.5","110.5","110.5","110.5","110.5","110.5","110.49","110.49","110.49","111.21","111.21","111.21","111.21","111.21","111.21","111.21","111.21","111.21","111.21","111.21","111.21","110.27","110.27","110.27","110.27","110.27","110.27","110.27","110.27","110.27","110.27","110.27","110.27","110.27","110.27","110.27","100.14","100.14"
"1996:Q4","#N/A","#N/A","#N/A","#N/A","#N/A","#N/A","#N/A","#N/A","#N/A","#N/A","#N/A","#N/A","111.2","111.1","111.1","111.08","111.08","111.08","111.87","111.87","111.87","111.87","111.87","111.87","111.87","111.87","111.87","111.87","111.87","111.87","110.78","110.78","110.78","110.78","110.78","110.78","110.78","110.78","110.78","110.78","110.78","110.78","110.78","110.78","110.78","100.6","100.6"
"1997:Q1","#N/A","#N/A","#N/A","#N/A","#N/A","#N/A","#N/A","#N/A","#N/A","#N/A","#N/A","#N/A","#N/A","#N/A","#N/A","111.7","111.69","111.67","112.41","112.41","112.41","112.41","112.41","112.41","112.41","112.41","112.41","112.41","112.41","112.41","111.44","111.44","111.44","111.44","111.44","111.44","111.44","111.44","111.44","111.44","111.44","111.44","111.44","111.44","111.44","101.07","101.07"
"1997:Q2","#N/A","#N/A","#N/A","#N/A","#N/A","#N/A","#N/A","#N/A","#N/A","#N/A","#N/A","#N/A","#N/A","#N/A","#N/A","#N/A","#N/A","#N/A","112.96","112.99","112.97","112.97","112.97","112.97","112.97","112.97","112.97","112.97","112.97","112.97","112.05","112.05","112.05","112.05","112.05","112.05","112.05","112.05","112.05","112.05","112.05","112.05","112.05","112.05","112.05","101.55","101.55"
"1997:Q3","#N/A","#N/A","#N/A","#N/A","#N/A","#N/A","#N/A","#N/A","#N/A","#N/A","#N/A","#N/A","#N/A","#N/A","#N/A","#N/A","#N/A","#N/A","#N/A","#N/A","#N/A","113.26","113.32","113.28","113.28","113.28","113.28","113.28","113.28","113.28","112.32","112.32","112.32","112.32","112.32","112.32","112.32","112.32","112.32","112.32","112.32","112.32","112.32","112.32","112.32","101.76","101.76"
"1997:Q4","#N/A","#N/A","#N/A","#N/A","#N/A","#N/A","#N/A","#N/A","#N/A","#N/A","#N/A","#N/A","#N/A","#N/A","#N/A","#N/A","#N/A","#N/A","#N/A","#N/A","#N/A","#N/A","#N/A","#N/A","113.62","113.61","113.58","113.58","113.58","113.58","112.59","112.59","112.59","112.59","112.59","112.59","112.59","112.59","112.59","112.59","112.59","112.59","112.59","112.59","112.59","102.01","102.01"
"1998:Q1","#N/A","#N/A","#N/A","#N/A","#N/A","#N/A","#N/A","#N/A","#N/A","#N/A","#N/A","#N/A","#N/A","#N/A","#N/A","#N/A","#N/A","#N/A","#N/A","#N/A","#N/A","#N/A","#N/A","#N/A","#N/A","#N/A","#N/A","113.97","114.01","114.05","112.89","112.89","112.89","112.89","112.89","112.89","112.89","112.89","112.89","112.89","112.89","112.89","112.89","112.89","112.89","102.35","102.35"
"1998:Q2","#N/A","#N/A","#N/A","#N/A","#N/A","#N/A","#N/A","#N/A","#N/A","#N/A","#N/A","#N/A","#N/A","#N/A","#N/A","#N/A","#N/A","#N/A","#N/A","#N/A","#N/A","#N/A","#N/A","#N/A","#N/A","#N/A","#N/A","#N/A","#N/A","#N/A","113.29","113.26","113.25","113.25","113.25","113.25","113.25","113.25","113.25","113.25","113.25","113.25","113.25","113.25","113.25","102.77","102.77"
"1998:Q3","#N/A","#N/A","#N/A","#N/A","#N/A","#N/A","#N/A","#N/A","#N/A","#N/A","#N/A","#N/A","#N/A","#N/A","#N/A","#N/A","#N/A","#N/A","#N/A","#N/A","#N/A","#N/A","#N/A","#N/A","#N/A","#N/A","#N/A","#N/A","#N/A","#N/A","#N/A","#N/A","#N/A","113.55","113.55","113.57","113.57","113.57","113.57","113.57","113.57","113.57","113.57","113.57","113.57","103.13","103.13"
"1998:Q4","#N/A","#N/A","#N/A","#N/A","#N/A","#N/A","#N/A","#N/A","#N/A","#N/A","#N/A","#N/A","#N/A","#N/A","#N/A","#N/A","#N/A","#N/A","#N/A","#N/A","#N/A","#N/A","#N/A","#N/A","#N/A","#N/A","#N/A","#N/A","#N/A","#N/A","#N/A","#N/A","#N/A","#N/A","#N/A","#N/A","113.92","113.9","113.94","113.94","113.94","113.94","113.94","113.94","113.94","103.47","103.47"
"1999:Q1","#N/A","#N/A","#N/A","#N/A","#N/A","#N/A","#N/A","#N/A","#N/A","#N/A","#N/A","#N/A","#N/A","#N/A","#N/A","#N/A","#N/A","#N/A","#N/A","#N/A","#N/A","#N/A","#N/A","#N/A","#N/A","#N/A","#N/A","#N/A","#N/A","#N/A","#N/A","#N/A","#N/A","#N/A","#N/A","#N/A","#N/A","#N/A","#N/A","114.23","114.25","114.31","114.31","114.31","114.31","103.84","103.84"
"1999:Q2","#N/A","#N/A","#N/A","#N/A","#N/A","#N/A","#N/A","#N/A","#N/A","#N/A","#N/A","#N/A","#N/A","#N/A","#N/A","#N/A","#N/A","#N/A","#N/A","#N/A","#N/A","#N/A","#N/A","#N/A","#N/A","#N/A","#N/A","#N/A","#N/A","#N/A","#N/A","#N/A","#N/A","#N/A","#N/A","#N/A","#N/A","#N/A","#N/A","#N/A","#N/A","#N/A","114.76","114.75","114.65","104.17","104.17"
"1999:Q3","#N/A","#N/A","#N/A","#N/A","#N/A","#N/A","#N/A","#N/A","#N/A","#N/A","#N/A","#N/A","#N/A","#N/A","#N/A","#N/A","#N/A","#N/A","#N/A","#N/A","#N/A","#N/A","#N/A","#N/A","#N/A","#N/A","#N/A","#N/A","#N/A","#N/A","#N/A","#N/A","#N/A","#N/A","#N/A","#N/A","#N/A","#N/A","#N/A","#N/A","#N/A","#N/A","#N/A","#N/A","#N/A","104.49","104.48"
"1999:Q4","#N/A","#N/A","#N/A","#N/A","#N/A","#N/A","#N/A","#N/A","#N/A","#N/A","#N/A","#N/A","#N/A","#N/A","#N/A","#N/A","#N/A","#N/A","#N/A","#N/A","#N/A","#N/A","#N/A","#N/A","#N/A","#N/A","#N/A","#N/A","#N/A","#N/A","#N/A","#N/A","#N/A","#N/A","#N/A","#N/A","#N/A","#N/A","#N/A","#N/A","#N/A","#N/A","#N/A","#N/A","#N/A","#N/A","#N/A"
"2000:Q1","#N/A","#N/A","#N/A","#N/A","#N/A","#N/A","#N/A","#N/A","#N/A","#N/A","#N/A","#N/A","#N/A","#N/A","#N/A","#N/A","#N/A","#N/A","#N/A","#N/A","#N/A","#N/A","#N/A","#N/A","#N/A","#N/A","#N/A","#N/A","#N/A","#N/A","#N/A","#N/A","#N/A","#N/A","#N/A","#N/A","#N/A","#N/A","#N/A","#N/A","#N/A","#N/A","#N/A","#N/A","#N/A","#N/A","#N/A"
"2000:Q2","#N/A","#N/A","#N/A","#N/A","#N/A","#N/A","#N/A","#N/A","#N/A","#N/A","#N/A","#N/A","#N/A","#N/A","#N/A","#N/A","#N/A","#N/A","#N/A","#N/A","#N/A","#N/A","#N/A","#N/A","#N/A","#N/A","#N/A","#N/A","#N/A","#N/A","#N/A","#N/A","#N/A","#N/A","#N/A","#N/A","#N/A","#N/A","#N/A","#N/A","#N/A","#N/A","#N/A","#N/A","#N/A","#N/A","#N/A"
"2000:Q3","#N/A","#N/A","#N/A","#N/A","#N/A","#N/A","#N/A","#N/A","#N/A","#N/A","#N/A","#N/A","#N/A","#N/A","#N/A","#N/A","#N/A","#N/A","#N/A","#N/A","#N/A","#N/A","#N/A","#N/A","#N/A","#N/A","#N/A","#N/A","#N/A","#N/A","#N/A","#N/A","#N/A","#N/A","#N/A","#N/A","#N/A","#N/A","#N/A","#N/A","#N/A","#N/A","#N/A","#N/A","#N/A","#N/A","#N/A"
"2000:Q4","#N/A","#N/A","#N/A","#N/A","#N/A","#N/A","#N/A","#N/A","#N/A","#N/A","#N/A","#N/A","#N/A","#N/A","#N/A","#N/A","#N/A","#N/A","#N/A","#N/A","#N/A","#N/A","#N/A","#N/A","#N/A","#N/A","#N/A","#N/A","#N/A","#N/A","#N/A","#N/A","#N/A","#N/A","#N/A","#N/A","#N/A","#N/A","#N/A","#N/A","#N/A","#N/A","#N/A","#N/A","#N/A","#N/A","#N/A"
"2001:Q1","#N/A","#N/A","#N/A","#N/A","#N/A","#N/A","#N/A","#N/A","#N/A","#N/A","#N/A","#N/A","#N/A","#N/A","#N/A","#N/A","#N/A","#N/A","#N/A","#N/A","#N/A","#N/A","#N/A","#N/A","#N/A","#N/A","#N/A","#N/A","#N/A","#N/A","#N/A","#N/A","#N/A","#N/A","#N/A","#N/A","#N/A","#N/A","#N/A","#N/A","#N/A","#N/A","#N/A","#N/A","#N/A","#N/A","#N/A"
"2001:Q2","#N/A","#N/A","#N/A","#N/A","#N/A","#N/A","#N/A","#N/A","#N/A","#N/A","#N/A","#N/A","#N/A","#N/A","#N/A","#N/A","#N/A","#N/A","#N/A","#N/A","#N/A","#N/A","#N/A","#N/A","#N/A","#N/A","#N/A","#N/A","#N/A","#N/A","#N/A","#N/A","#N/A","#N/A","#N/A","#N/A","#N/A","#N/A","#N/A","#N/A","#N/A","#N/A","#N/A","#N/A","#N/A","#N/A","#N/A"
"2001:Q3","#N/A","#N/A","#N/A","#N/A","#N/A","#N/A","#N/A","#N/A","#N/A","#N/A","#N/A","#N/A","#N/A","#N/A","#N/A","#N/A","#N/A","#N/A","#N/A","#N/A","#N/A","#N/A","#N/A","#N/A","#N/A","#N/A","#N/A","#N/A","#N/A","#N/A","#N/A","#N/A","#N/A","#N/A","#N/A","#N/A","#N/A","#N/A","#N/A","#N/A","#N/A","#N/A","#N/A","#N/A","#N/A","#N/A","#N/A"
"2001:Q4","#N/A","#N/A","#N/A","#N/A","#N/A","#N/A","#N/A","#N/A","#N/A","#N/A","#N/A","#N/A","#N/A","#N/A","#N/A","#N/A","#N/A","#N/A","#N/A","#N/A","#N/A","#N/A","#N/A","#N/A","#N/A","#N/A","#N/A","#N/A","#N/A","#N/A","#N/A","#N/A","#N/A","#N/A","#N/A","#N/A","#N/A","#N/A","#N/A","#N/A","#N/A","#N/A","#N/A","#N/A","#N/A","#N/A","#N/A"
"2002:Q1","#N/A","#N/A","#N/A","#N/A","#N/A","#N/A","#N/A","#N/A","#N/A","#N/A","#N/A","#N/A","#N/A","#N/A","#N/A","#N/A","#N/A","#N/A","#N/A","#N/A","#N/A","#N/A","#N/A","#N/A","#N/A","#N/A","#N/A","#N/A","#N/A","#N/A","#N/A","#N/A","#N/A","#N/A","#N/A","#N/A","#N/A","#N/A","#N/A","#N/A","#N/A","#N/A","#N/A","#N/A","#N/A","#N/A","#N/A"
"2002:Q2","#N/A","#N/A","#N/A","#N/A","#N/A","#N/A","#N/A","#N/A","#N/A","#N/A","#N/A","#N/A","#N/A","#N/A","#N/A","#N/A","#N/A","#N/A","#N/A","#N/A","#N/A","#N/A","#N/A","#N/A","#N/A","#N/A","#N/A","#N/A","#N/A","#N/A","#N/A","#N/A","#N/A","#N/A","#N/A","#N/A","#N/A","#N/A","#N/A","#N/A","#N/A","#N/A","#N/A","#N/A","#N/A","#N/A","#N/A"
"2002:Q3","#N/A","#N/A","#N/A","#N/A","#N/A","#N/A","#N/A","#N/A","#N/A","#N/A","#N/A","#N/A","#N/A","#N/A","#N/A","#N/A","#N/A","#N/A","#N/A","#N/A","#N/A","#N/A","#N/A","#N/A","#N/A","#N/A","#N/A","#N/A","#N/A","#N/A","#N/A","#N/A","#N/A","#N/A","#N/A","#N/A","#N/A","#N/A","#N/A","#N/A","#N/A","#N/A","#N/A","#N/A","#N/A","#N/A","#N/A"
"2002:Q4","#N/A","#N/A","#N/A","#N/A","#N/A","#N/A","#N/A","#N/A","#N/A","#N/A","#N/A","#N/A","#N/A","#N/A","#N/A","#N/A","#N/A","#N/A","#N/A","#N/A","#N/A","#N/A","#N/A","#N/A","#N/A","#N/A","#N/A","#N/A","#N/A","#N/A","#N/A","#N/A","#N/A","#N/A","#N/A","#N/A","#N/A","#N/A","#N/A","#N/A","#N/A","#N/A","#N/A","#N/A","#N/A","#N/A","#N/A"
"2003:Q1","#N/A","#N/A","#N/A","#N/A","#N/A","#N/A","#N/A","#N/A","#N/A","#N/A","#N/A","#N/A","#N/A","#N/A","#N/A","#N/A","#N/A","#N/A","#N/A","#N/A","#N/A","#N/A","#N/A","#N/A","#N/A","#N/A","#N/A","#N/A","#N/A","#N/A","#N/A","#N/A","#N/A","#N/A","#N/A","#N/A","#N/A","#N/A","#N/A","#N/A","#N/A","#N/A","#N/A","#N/A","#N/A","#N/A","#N/A"
"2003:Q2","#N/A","#N/A","#N/A","#N/A","#N/A","#N/A","#N/A","#N/A","#N/A","#N/A","#N/A","#N/A","#N/A","#N/A","#N/A","#N/A","#N/A","#N/A","#N/A","#N/A","#N/A","#N/A","#N/A","#N/A","#N/A","#N/A","#N/A","#N/A","#N/A","#N/A","#N/A","#N/A","#N/A","#N/A","#N/A","#N/A","#N/A","#N/A","#N/A","#N/A","#N/A","#N/A","#N/A","#N/A","#N/A","#N/A","#N/A"
"2003:Q3","#N/A","#N/A","#N/A","#N/A","#N/A","#N/A","#N/A","#N/A","#N/A","#N/A","#N/A","#N/A","#N/A","#N/A","#N/A","#N/A","#N/A","#N/A","#N/A","#N/A","#N/A","#N/A","#N/A","#N/A","#N/A","#N/A","#N/A","#N/A","#N/A","#N/A","#N/A","#N/A","#N/A","#N/A","#N/A","#N/A","#N/A","#N/A","#N/A","#N/A","#N/A","#N/A","#N/A","#N/A","#N/A","#N/A","#N/A"
"2003:Q4","#N/A","#N/A","#N/A","#N/A","#N/A","#N/A","#N/A","#N/A","#N/A","#N/A","#N/A","#N/A","#N/A","#N/A","#N/A","#N/A","#N/A","#N/A","#N/A","#N/A","#N/A","#N/A","#N/A","#N/A","#N/A","#N/A","#N/A","#N/A","#N/A","#N/A","#N/A","#N/A","#N/A","#N/A","#N/A","#N/A","#N/A","#N/A","#N/A","#N/A","#N/A","#N/A","#N/A","#N/A","#N/A","#N/A","#N/A"
"2004:Q1","#N/A","#N/A","#N/A","#N/A","#N/A","#N/A","#N/A","#N/A","#N/A","#N/A","#N/A","#N/A","#N/A","#N/A","#N/A","#N/A","#N/A","#N/A","#N/A","#N/A","#N/A","#N/A","#N/A","#N/A","#N/A","#N/A","#N/A","#N/A","#N/A","#N/A","#N/A","#N/A","#N/A","#N/A","#N/A","#N/A","#N/A","#N/A","#N/A","#N/A","#N/A","#N/A","#N/A","#N/A","#N/A","#N/A","#N/A"
"2004:Q2","#N/A","#N/A","#N/A","#N/A","#N/A","#N/A","#N/A","#N/A","#N/A","#N/A","#N/A","#N/A","#N/A","#N/A","#N/A","#N/A","#N/A","#N/A","#N/A","#N/A","#N/A","#N/A","#N/A","#N/A","#N/A","#N/A","#N/A","#N/A","#N/A","#N/A","#N/A","#N/A","#N/A","#N/A","#N/A","#N/A","#N/A","#N/A","#N/A","#N/A","#N/A","#N/A","#N/A","#N/A","#N/A","#N/A","#N/A"
"2004:Q3","#N/A","#N/A","#N/A","#N/A","#N/A","#N/A","#N/A","#N/A","#N/A","#N/A","#N/A","#N/A","#N/A","#N/A","#N/A","#N/A","#N/A","#N/A","#N/A","#N/A","#N/A","#N/A","#N/A","#N/A","#N/A","#N/A","#N/A","#N/A","#N/A","#N/A","#N/A","#N/A","#N/A","#N/A","#N/A","#N/A","#N/A","#N/A","#N/A","#N/A","#N/A","#N/A","#N/A","#N/A","#N/A","#N/A","#N/A"
"2004:Q4","#N/A","#N/A","#N/A","#N/A","#N/A","#N/A","#N/A","#N/A","#N/A","#N/A","#N/A","#N/A","#N/A","#N/A","#N/A","#N/A","#N/A","#N/A","#N/A","#N/A","#N/A","#N/A","#N/A","#N/A","#N/A","#N/A","#N/A","#N/A","#N/A","#N/A","#N/A","#N/A","#N/A","#N/A","#N/A","#N/A","#N/A","#N/A","#N/A","#N/A","#N/A","#N/A","#N/A","#N/A","#N/A","#N/A","#N/A"
"2005:Q1","#N/A","#N/A","#N/A","#N/A","#N/A","#N/A","#N/A","#N/A","#N/A","#N/A","#N/A","#N/A","#N/A","#N/A","#N/A","#N/A","#N/A","#N/A","#N/A","#N/A","#N/A","#N/A","#N/A","#N/A","#N/A","#N/A","#N/A","#N/A","#N/A","#N/A","#N/A","#N/A","#N/A","#N/A","#N/A","#N/A","#N/A","#N/A","#N/A","#N/A","#N/A","#N/A","#N/A","#N/A","#N/A","#N/A","#N/A"
"2005:Q2","#N/A","#N/A","#N/A","#N/A","#N/A","#N/A","#N/A","#N/A","#N/A","#N/A","#N/A","#N/A","#N/A","#N/A","#N/A","#N/A","#N/A","#N/A","#N/A","#N/A","#N/A","#N/A","#N/A","#N/A","#N/A","#N/A","#N/A","#N/A","#N/A","#N/A","#N/A","#N/A","#N/A","#N/A","#N/A","#N/A","#N/A","#N/A","#N/A","#N/A","#N/A","#N/A","#N/A","#N/A","#N/A","#N/A","#N/A"
"2005:Q3","#N/A","#N/A","#N/A","#N/A","#N/A","#N/A","#N/A","#N/A","#N/A","#N/A","#N/A","#N/A","#N/A","#N/A","#N/A","#N/A","#N/A","#N/A","#N/A","#N/A","#N/A","#N/A","#N/A","#N/A","#N/A","#N/A","#N/A","#N/A","#N/A","#N/A","#N/A","#N/A","#N/A","#N/A","#N/A","#N/A","#N/A","#N/A","#N/A","#N/A","#N/A","#N/A","#N/A","#N/A","#N/A","#N/A","#N/A"
"2005:Q4","#N/A","#N/A","#N/A","#N/A","#N/A","#N/A","#N/A","#N/A","#N/A","#N/A","#N/A","#N/A","#N/A","#N/A","#N/A","#N/A","#N/A","#N/A","#N/A","#N/A","#N/A","#N/A","#N/A","#N/A","#N/A","#N/A","#N/A","#N/A","#N/A","#N/A","#N/A","#N/A","#N/A","#N/A","#N/A","#N/A","#N/A","#N/A","#N/A","#N/A","#N/A","#N/A","#N/A","#N/A","#N/A","#N/A","#N/A"
"2006:Q1","#N/A","#N/A","#N/A","#N/A","#N/A","#N/A","#N/A","#N/A","#N/A","#N/A","#N/A","#N/A","#N/A","#N/A","#N/A","#N/A","#N/A","#N/A","#N/A","#N/A","#N/A","#N/A","#N/A","#N/A","#N/A","#N/A","#N/A","#N/A","#N/A","#N/A","#N/A","#N/A","#N/A","#N/A","#N/A","#N/A","#N/A","#N/A","#N/A","#N/A","#N/A","#N/A","#N/A","#N/A","#N/A","#N/A","#N/A"
"2006:Q2","#N/A","#N/A","#N/A","#N/A","#N/A","#N/A","#N/A","#N/A","#N/A","#N/A","#N/A","#N/A","#N/A","#N/A","#N/A","#N/A","#N/A","#N/A","#N/A","#N/A","#N/A","#N/A","#N/A","#N/A","#N/A","#N/A","#N/A","#N/A","#N/A","#N/A","#N/A","#N/A","#N/A","#N/A","#N/A","#N/A","#N/A","#N/A","#N/A","#N/A","#N/A","#N/A","#N/A","#N/A","#N/A","#N/A","#N/A"
"2006:Q3","#N/A","#N/A","#N/A","#N/A","#N/A","#N/A","#N/A","#N/A","#N/A","#N/A","#N/A","#N/A","#N/A","#N/A","#N/A","#N/A","#N/A","#N/A","#N/A","#N/A","#N/A","#N/A","#N/A","#N/A","#N/A","#N/A","#N/A","#N/A","#N/A","#N/A","#N/A","#N/A","#N/A","#N/A","#N/A","#N/A","#N/A","#N/A","#N/A","#N/A","#N/A","#N/A","#N/A","#N/A","#N/A","#N/A","#N/A"
"2006:Q4","#N/A","#N/A","#N/A","#N/A","#N/A","#N/A","#N/A","#N/A","#N/A","#N/A","#N/A","#N/A","#N/A","#N/A","#N/A","#N/A","#N/A","#N/A","#N/A","#N/A","#N/A","#N/A","#N/A","#N/A","#N/A","#N/A","#N/A","#N/A","#N/A","#N/A","#N/A","#N/A","#N/A","#N/A","#N/A","#N/A","#N/A","#N/A","#N/A","#N/A","#N/A","#N/A","#N/A","#N/A","#N/A","#N/A","#N/A"
"2007:Q1","#N/A","#N/A","#N/A","#N/A","#N/A","#N/A","#N/A","#N/A","#N/A","#N/A","#N/A","#N/A","#N/A","#N/A","#N/A","#N/A","#N/A","#N/A","#N/A","#N/A","#N/A","#N/A","#N/A","#N/A","#N/A","#N/A","#N/A","#N/A","#N/A","#N/A","#N/A","#N/A","#N/A","#N/A","#N/A","#N/A","#N/A","#N/A","#N/A","#N/A","#N/A","#N/A","#N/A","#N/A","#N/A","#N/A","#N/A"
"2007:Q2","#N/A","#N/A","#N/A","#N/A","#N/A","#N/A","#N/A","#N/A","#N/A","#N/A","#N/A","#N/A","#N/A","#N/A","#N/A","#N/A","#N/A","#N/A","#N/A","#N/A","#N/A","#N/A","#N/A","#N/A","#N/A","#N/A","#N/A","#N/A","#N/A","#N/A","#N/A","#N/A","#N/A","#N/A","#N/A","#N/A","#N/A","#N/A","#N/A","#N/A","#N/A","#N/A","#N/A","#N/A","#N/A","#N/A","#N/A"
"2007:Q3","#N/A","#N/A","#N/A","#N/A","#N/A","#N/A","#N/A","#N/A","#N/A","#N/A","#N/A","#N/A","#N/A","#N/A","#N/A","#N/A","#N/A","#N/A","#N/A","#N/A","#N/A","#N/A","#N/A","#N/A","#N/A","#N/A","#N/A","#N/A","#N/A","#N/A","#N/A","#N/A","#N/A","#N/A","#N/A","#N/A","#N/A","#N/A","#N/A","#N/A","#N/A","#N/A","#N/A","#N/A","#N/A","#N/A","#N/A"
"2007:Q4","#N/A","#N/A","#N/A","#N/A","#N/A","#N/A","#N/A","#N/A","#N/A","#N/A","#N/A","#N/A","#N/A","#N/A","#N/A","#N/A","#N/A","#N/A","#N/A","#N/A","#N/A","#N/A","#N/A","#N/A","#N/A","#N/A","#N/A","#N/A","#N/A","#N/A","#N/A","#N/A","#N/A","#N/A","#N/A","#N/A","#N/A","#N/A","#N/A","#N/A","#N/A","#N/A","#N/A","#N/A","#N/A","#N/A","#N/A"
"2008:Q1","#N/A","#N/A","#N/A","#N/A","#N/A","#N/A","#N/A","#N/A","#N/A","#N/A","#N/A","#N/A","#N/A","#N/A","#N/A","#N/A","#N/A","#N/A","#N/A","#N/A","#N/A","#N/A","#N/A","#N/A","#N/A","#N/A","#N/A","#N/A","#N/A","#N/A","#N/A","#N/A","#N/A","#N/A","#N/A","#N/A","#N/A","#N/A","#N/A","#N/A","#N/A","#N/A","#N/A","#N/A","#N/A","#N/A","#N/A"
"2008:Q2","#N/A","#N/A","#N/A","#N/A","#N/A","#N/A","#N/A","#N/A","#N/A","#N/A","#N/A","#N/A","#N/A","#N/A","#N/A","#N/A","#N/A","#N/A","#N/A","#N/A","#N/A","#N/A","#N/A","#N/A","#N/A","#N/A","#N/A","#N/A","#N/A","#N/A","#N/A","#N/A","#N/A","#N/A","#N/A","#N/A","#N/A","#N/A","#N/A","#N/A","#N/A","#N/A","#N/A","#N/A","#N/A","#N/A","#N/A"
"2008:Q3","#N/A","#N/A","#N/A","#N/A","#N/A","#N/A","#N/A","#N/A","#N/A","#N/A","#N/A","#N/A","#N/A","#N/A","#N/A","#N/A","#N/A","#N/A","#N/A","#N/A","#N/A","#N/A","#N/A","#N/A","#N/A","#N/A","#N/A","#N/A","#N/A","#N/A","#N/A","#N/A","#N/A","#N/A","#N/A","#N/A","#N/A","#N/A","#N/A","#N/A","#N/A","#N/A","#N/A","#N/A","#N/A","#N/A","#N/A"
"2008:Q4","#N/A","#N/A","#N/A","#N/A","#N/A","#N/A","#N/A","#N/A","#N/A","#N/A","#N/A","#N/A","#N/A","#N/A","#N/A","#N/A","#N/A","#N/A","#N/A","#N/A","#N/A","#N/A","#N/A","#N/A","#N/A","#N/A","#N/A","#N/A","#N/A","#N/A","#N/A","#N/A","#N/A","#N/A","#N/A","#N/A","#N/A","#N/A","#N/A","#N/A","#N/A","#N/A","#N/A","#N/A","#N/A","#N/A","#N/A"
"2009:Q1","#N/A","#N/A","#N/A","#N/A","#N/A","#N/A","#N/A","#N/A","#N/A","#N/A","#N/A","#N/A","#N/A","#N/A","#N/A","#N/A","#N/A","#N/A","#N/A","#N/A","#N/A","#N/A","#N/A","#N/A","#N/A","#N/A","#N/A","#N/A","#N/A","#N/A","#N/A","#N/A","#N/A","#N/A","#N/A","#N/A","#N/A","#N/A","#N/A","#N/A","#N/A","#N/A","#N/A","#N/A","#N/A","#N/A","#N/A"
"2009:Q2","#N/A","#N/A","#N/A","#N/A","#N/A","#N/A","#N/A","#N/A","#N/A","#N/A","#N/A","#N/A","#N/A","#N/A","#N/A","#N/A","#N/A","#N/A","#N/A","#N/A","#N/A","#N/A","#N/A","#N/A","#N/A","#N/A","#N/A","#N/A","#N/A","#N/A","#N/A","#N/A","#N/A","#N/A","#N/A","#N/A","#N/A","#N/A","#N/A","#N/A","#N/A","#N/A","#N/A","#N/A","#N/A","#N/A","#N/A"
"2009:Q3","#N/A","#N/A","#N/A","#N/A","#N/A","#N/A","#N/A","#N/A","#N/A","#N/A","#N/A","#N/A","#N/A","#N/A","#N/A","#N/A","#N/A","#N/A","#N/A","#N/A","#N/A","#N/A","#N/A","#N/A","#N/A","#N/A","#N/A","#N/A","#N/A","#N/A","#N/A","#N/A","#N/A","#N/A","#N/A","#N/A","#N/A","#N/A","#N/A","#N/A","#N/A","#N/A","#N/A","#N/A","#N/A","#N/A","#N/A"
"2009:Q4","#N/A","#N/A","#N/A","#N/A","#N/A","#N/A","#N/A","#N/A","#N/A","#N/A","#N/A","#N/A","#N/A","#N/A","#N/A","#N/A","#N/A","#N/A","#N/A","#N/A","#N/A","#N/A","#N/A","#N/A","#N/A","#N/A","#N/A","#N/A","#N/A","#N/A","#N/A","#N/A","#N/A","#N/A","#N/A","#N/A","#N/A","#N/A","#N/A","#N/A","#N/A","#N/A","#N/A","#N/A","#N/A","#N/A","#N/A"
"2010:Q1","#N/A","#N/A","#N/A","#N/A","#N/A","#N/A","#N/A","#N/A","#N/A","#N/A","#N/A","#N/A","#N/A","#N/A","#N/A","#N/A","#N/A","#N/A","#N/A","#N/A","#N/A","#N/A","#N/A","#N/A","#N/A","#N/A","#N/A","#N/A","#N/A","#N/A","#N/A","#N/A","#N/A","#N/A","#N/A","#N/A","#N/A","#N/A","#N/A","#N/A","#N/A","#N/A","#N/A","#N/A","#N/A","#N/A","#N/A"
"2010:Q2","#N/A","#N/A","#N/A","#N/A","#N/A","#N/A","#N/A","#N/A","#N/A","#N/A","#N/A","#N/A","#N/A","#N/A","#N/A","#N/A","#N/A","#N/A","#N/A","#N/A","#N/A","#N/A","#N/A","#N/A","#N/A","#N/A","#N/A","#N/A","#N/A","#N/A","#N/A","#N/A","#N/A","#N/A","#N/A","#N/A","#N/A","#N/A","#N/A","#N/A","#N/A","#N/A","#N/A","#N/A","#N/A","#N/A","#N/A"
"2010:Q3","#N/A","#N/A","#N/A","#N/A","#N/A","#N/A","#N/A","#N/A","#N/A","#N/A","#N/A","#N/A","#N/A","#N/A","#N/A","#N/A","#N/A","#N/A","#N/A","#N/A","#N/A","#N/A","#N/A","#N/A","#N/A","#N/A","#N/A","#N/A","#N/A","#N/A","#N/A","#N/A","#N/A","#N/A","#N/A","#N/A","#N/A","#N/A","#N/A","#N/A","#N/A","#N/A","#N/A","#N/A","#N/A","#N/A","#N/A"
"2010:Q4","#N/A","#N/A","#N/A","#N/A","#N/A","#N/A","#N/A","#N/A","#N/A","#N/A","#N/A","#N/A","#N/A","#N/A","#N/A","#N/A","#N/A","#N/A","#N/A","#N/A","#N/A","#N/A","#N/A","#N/A","#N/A","#N/A","#N/A","#N/A","#N/A","#N/A","#N/A","#N/A","#N/A","#N/A","#N/A","#N/A","#N/A","#N/A","#N/A","#N/A","#N/A","#N/A","#N/A","#N/A","#N/A","#N/A","#N/A"
"2011:Q1","#N/A","#N/A","#N/A","#N/A","#N/A","#N/A","#N/A","#N/A","#N/A","#N/A","#N/A","#N/A","#N/A","#N/A","#N/A","#N/A","#N/A","#N/A","#N/A","#N/A","#N/A","#N/A","#N/A","#N/A","#N/A","#N/A","#N/A","#N/A","#N/A","#N/A","#N/A","#N/A","#N/A","#N/A","#N/A","#N/A","#N/A","#N/A","#N/A","#N/A","#N/A","#N/A","#N/A","#N/A","#N/A","#N/A","#N/A"
"2011:Q2","#N/A","#N/A","#N/A","#N/A","#N/A","#N/A","#N/A","#N/A","#N/A","#N/A","#N/A","#N/A","#N/A","#N/A","#N/A","#N/A","#N/A","#N/A","#N/A","#N/A","#N/A","#N/A","#N/A","#N/A","#N/A","#N/A","#N/A","#N/A","#N/A","#N/A","#N/A","#N/A","#N/A","#N/A","#N/A","#N/A","#N/A","#N/A","#N/A","#N/A","#N/A","#N/A","#N/A","#N/A","#N/A","#N/A","#N/A"
"2011:Q3","#N/A","#N/A","#N/A","#N/A","#N/A","#N/A","#N/A","#N/A","#N/A","#N/A","#N/A","#N/A","#N/A","#N/A","#N/A","#N/A","#N/A","#N/A","#N/A","#N/A","#N/A","#N/A","#N/A","#N/A","#N/A","#N/A","#N/A","#N/A","#N/A","#N/A","#N/A","#N/A","#N/A","#N/A","#N/A","#N/A","#N/A","#N/A","#N/A","#N/A","#N/A","#N/A","#N/A","#N/A","#N/A","#N/A","#N/A"
"2011:Q4","#N/A","#N/A","#N/A","#N/A","#N/A","#N/A","#N/A","#N/A","#N/A","#N/A","#N/A","#N/A","#N/A","#N/A","#N/A","#N/A","#N/A","#N/A","#N/A","#N/A","#N/A","#N/A","#N/A","#N/A","#N/A","#N/A","#N/A","#N/A","#N/A","#N/A","#N/A","#N/A","#N/A","#N/A","#N/A","#N/A","#N/A","#N/A","#N/A","#N/A","#N/A","#N/A","#N/A","#N/A","#N/A","#N/A","#N/A"
"2012:Q1","#N/A","#N/A","#N/A","#N/A","#N/A","#N/A","#N/A","#N/A","#N/A","#N/A","#N/A","#N/A","#N/A","#N/A","#N/A","#N/A","#N/A","#N/A","#N/A","#N/A","#N/A","#N/A","#N/A","#N/A","#N/A","#N/A","#N/A","#N/A","#N/A","#N/A","#N/A","#N/A","#N/A","#N/A","#N/A","#N/A","#N/A","#N/A","#N/A","#N/A","#N/A","#N/A","#N/A","#N/A","#N/A","#N/A","#N/A"
"2012:Q2","#N/A","#N/A","#N/A","#N/A","#N/A","#N/A","#N/A","#N/A","#N/A","#N/A","#N/A","#N/A","#N/A","#N/A","#N/A","#N/A","#N/A","#N/A","#N/A","#N/A","#N/A","#N/A","#N/A","#N/A","#N/A","#N/A","#N/A","#N/A","#N/A","#N/A","#N/A","#N/A","#N/A","#N/A","#N/A","#N/A","#N/A","#N/A","#N/A","#N/A","#N/A","#N/A","#N/A","#N/A","#N/A","#N/A","#N/A"
"2012:Q3","#N/A","#N/A","#N/A","#N/A","#N/A","#N/A","#N/A","#N/A","#N/A","#N/A","#N/A","#N/A","#N/A","#N/A","#N/A","#N/A","#N/A","#N/A","#N/A","#N/A","#N/A","#N/A","#N/A","#N/A","#N/A","#N/A","#N/A","#N/A","#N/A","#N/A","#N/A","#N/A","#N/A","#N/A","#N/A","#N/A","#N/A","#N/A","#N/A","#N/A","#N/A","#N/A","#N/A","#N/A","#N/A","#N/A","#N/A"
"2012:Q4","#N/A","#N/A","#N/A","#N/A","#N/A","#N/A","#N/A","#N/A","#N/A","#N/A","#N/A","#N/A","#N/A","#N/A","#N/A","#N/A","#N/A","#N/A","#N/A","#N/A","#N/A","#N/A","#N/A","#N/A","#N/A","#N/A","#N/A","#N/A","#N/A","#N/A","#N/A","#N/A","#N/A","#N/A","#N/A","#N/A","#N/A","#N/A","#N/A","#N/A","#N/A","#N/A","#N/A","#N/A","#N/A","#N/A","#N/A"
"2013:Q1","#N/A","#N/A","#N/A","#N/A","#N/A","#N/A","#N/A","#N/A","#N/A","#N/A","#N/A","#N/A","#N/A","#N/A","#N/A","#N/A","#N/A","#N/A","#N/A","#N/A","#N/A","#N/A","#N/A","#N/A","#N/A","#N/A","#N/A","#N/A","#N/A","#N/A","#N/A","#N/A","#N/A","#N/A","#N/A","#N/A","#N/A","#N/A","#N/A","#N/A","#N/A","#N/A","#N/A","#N/A","#N/A","#N/A","#N/A"
"2013:Q2","#N/A","#N/A","#N/A","#N/A","#N/A","#N/A","#N/A","#N/A","#N/A","#N/A","#N/A","#N/A","#N/A","#N/A","#N/A","#N/A","#N/A","#N/A","#N/A","#N/A","#N/A","#N/A","#N/A","#N/A","#N/A","#N/A","#N/A","#N/A","#N/A","#N/A","#N/A","#N/A","#N/A","#N/A","#N/A","#N/A","#N/A","#N/A","#N/A","#N/A","#N/A","#N/A","#N/A","#N/A","#N/A","#N/A","#N/A"
"2013:Q3","#N/A","#N/A","#N/A","#N/A","#N/A","#N/A","#N/A","#N/A","#N/A","#N/A","#N/A","#N/A","#N/A","#N/A","#N/A","#N/A","#N/A","#N/A","#N/A","#N/A","#N/A","#N/A","#N/A","#N/A","#N/A","#N/A","#N/A","#N/A","#N/A","#N/A","#N/A","#N/A","#N/A","#N/A","#N/A","#N/A","#N/A","#N/A","#N/A","#N/A","#N/A","#N/A","#N/A","#N/A","#N/A","#N/A","#N/A"
"2013:Q4","#N/A","#N/A","#N/A","#N/A","#N/A","#N/A","#N/A","#N/A","#N/A","#N/A","#N/A","#N/A","#N/A","#N/A","#N/A","#N/A","#N/A","#N/A","#N/A","#N/A","#N/A","#N/A","#N/A","#N/A","#N/A","#N/A","#N/A","#N/A","#N/A","#N/A","#N/A","#N/A","#N/A","#N/A","#N/A","#N/A","#N/A","#N/A","#N/A","#N/A","#N/A","#N/A","#N/A","#N/A","#N/A","#N/A","#N/A"
"2014:Q1","#N/A","#N/A","#N/A","#N/A","#N/A","#N/A","#N/A","#N/A","#N/A","#N/A","#N/A","#N/A","#N/A","#N/A","#N/A","#N/A","#N/A","#N/A","#N/A","#N/A","#N/A","#N/A","#N/A","#N/A","#N/A","#N/A","#N/A","#N/A","#N/A","#N/A","#N/A","#N/A","#N/A","#N/A","#N/A","#N/A","#N/A","#N/A","#N/A","#N/A","#N/A","#N/A","#N/A","#N/A","#N/A","#N/A","#N/A"
"2014:Q2","#N/A","#N/A","#N/A","#N/A","#N/A","#N/A","#N/A","#N/A","#N/A","#N/A","#N/A","#N/A","#N/A","#N/A","#N/A","#N/A","#N/A","#N/A","#N/A","#N/A","#N/A","#N/A","#N/A","#N/A","#N/A","#N/A","#N/A","#N/A","#N/A","#N/A","#N/A","#N/A","#N/A","#N/A","#N/A","#N/A","#N/A","#N/A","#N/A","#N/A","#N/A","#N/A","#N/A","#N/A","#N/A","#N/A","#N/A"
