"DATE","rconsnp09Q3","rconsnp09Q4","rconsnp10Q1","rconsnp10Q2","rconsnp10Q3","rconsnp10Q4","rconsnp11Q1","rconsnp11Q2","rconsnp11Q3","rconsnp11Q4","rconsnp12Q1","rconsnp12Q2","rconsnp12Q3","rconsnp12Q4","rconsnp13Q1","rconsnp13Q2","rconsnp13Q3","rconsnp13Q4","rconsnp14Q1","rconsnp14Q2","rconsnp14Q3","rconsnp14Q4","rconsnp15Q1","rconsnp15Q2"
"1947:Q1","#N/A","#N/A","#N/A","#N/A","#N/A","#N/A","#N/A","#N/A","#N/A","#N/A","#N/A","#N/A","#N/A","#N/A","#N/A","#N/A","#N/A","#N/A","#N/A","#N/A","#N/A","#N/A","#N/A","#N/A"
"1947:Q2","#N/A","#N/A","#N/A","#N/A","#N/A","#N/A","#N/A","#N/A","#N/A","#N/A","#N/A","#N/A","#N/A","#N/A","#N/A","#N/A","#N/A","#N/A","#N/A","#N/A","#N/A","#N/A","#N/A","#N/A"
"1947:Q3","#N/A","#N/A","#N/A","#N/A","#N/A","#N/A","#N/A","#N/A","#N/A","#N/A","#N/A","#N/A","#N/A","#N/A","#N/A","#N/A","#N/A","#N/A","#N/A","#N/A","#N/A","#N/A","#N/A","#N/A"
"1947:Q4","#N/A","#N/A","#N/A","#N/A","#N/A","#N/A","#N/A","#N/A","#N/A","#N/A","#N/A","#N/A","#N/A","#N/A","#N/A","#N/A","#N/A","#N/A","#N/A","#N/A","#N/A","#N/A","#N/A","#N/A"
"1948:Q1","#N/A","#N/A","#N/A","#N/A","#N/A","#N/A","#N/A","#N/A","#N/A","#N/A","#N/A","#N/A","#N/A","#N/A","#N/A","#N/A","#N/A","#N/A","#N/A","#N/A","#N/A","#N/A","#N/A","#N/A"
"1948:Q2","#N/A","#N/A","#N/A","#N/A","#N/A","#N/A","#N/A","#N/A","#N/A","#N/A","#N/A","#N/A","#N/A","#N/A","#N/A","#N/A","#N/A","#N/A","#N/A","#N/A","#N/A","#N/A","#N/A","#N/A"
"1948:Q3","#N/A","#N/A","#N/A","#N/A","#N/A","#N/A","#N/A","#N/A","#N/A","#N/A","#N/A","#N/A","#N/A","#N/A","#N/A","#N/A","#N/A","#N/A","#N/A","#N/A","#N/A","#N/A","#N/A","#N/A"
"1948:Q4","#N/A","#N/A","#N/A","#N/A","#N/A","#N/A","#N/A","#N/A","#N/A","#N/A","#N/A","#N/A","#N/A","#N/A","#N/A","#N/A","#N/A","#N/A","#N/A","#N/A","#N/A","#N/A","#N/A","#N/A"
"1949:Q1","#N/A","#N/A","#N/A","#N/A","#N/A","#N/A","#N/A","#N/A","#N/A","#N/A","#N/A","#N/A","#N/A","#N/A","#N/A","#N/A","#N/A","#N/A","#N/A","#N/A","#N/A","#N/A","#N/A","#N/A"
"1949:Q2","#N/A","#N/A","#N/A","#N/A","#N/A","#N/A","#N/A","#N/A","#N/A","#N/A","#N/A","#N/A","#N/A","#N/A","#N/A","#N/A","#N/A","#N/A","#N/A","#N/A","#N/A","#N/A","#N/A","#N/A"
"1949:Q3","#N/A","#N/A","#N/A","#N/A","#N/A","#N/A","#N/A","#N/A","#N/A","#N/A","#N/A","#N/A","#N/A","#N/A","#N/A","#N/A","#N/A","#N/A","#N/A","#N/A","#N/A","#N/A","#N/A","#N/A"
"1949:Q4","#N/A","#N/A","#N/A","#N/A","#N/A","#N/A","#N/A","#N/A","#N/A","#N/A","#N/A","#N/A","#N/A","#N/A","#N/A","#N/A","#N/A","#N/A","#N/A","#N/A","#N/A","#N/A","#N/A","#N/A"
"1950:Q1","#N/A","#N/A","#N/A","#N/A","#N/A","#N/A","#N/A","#N/A","#N/A","#N/A","#N/A","#N/A","#N/A","#N/A","#N/A","#N/A","#N/A","#N/A","#N/A","#N/A","#N/A","#N/A","#N/A","#N/A"
"1950:Q2","#N/A","#N/A","#N/A","#N/A","#N/A","#N/A","#N/A","#N/A","#N/A","#N/A","#N/A","#N/A","#N/A","#N/A","#N/A","#N/A","#N/A","#N/A","#N/A","#N/A","#N/A","#N/A","#N/A","#N/A"
"1950:Q3","#N/A","#N/A","#N/A","#N/A","#N/A","#N/A","#N/A","#N/A","#N/A","#N/A","#N/A","#N/A","#N/A","#N/A","#N/A","#N/A","#N/A","#N/A","#N/A","#N/A","#N/A","#N/A","#N/A","#N/A"
"1950:Q4","#N/A","#N/A","#N/A","#N/A","#N/A","#N/A","#N/A","#N/A","#N/A","#N/A","#N/A","#N/A","#N/A","#N/A","#N/A","#N/A","#N/A","#N/A","#N/A","#N/A","#N/A","#N/A","#N/A","#N/A"
"1951:Q1","#N/A","#N/A","#N/A","#N/A","#N/A","#N/A","#N/A","#N/A","#N/A","#N/A","#N/A","#N/A","#N/A","#N/A","#N/A","#N/A","#N/A","#N/A","#N/A","#N/A","#N/A","#N/A","#N/A","#N/A"
"1951:Q2","#N/A","#N/A","#N/A","#N/A","#N/A","#N/A","#N/A","#N/A","#N/A","#N/A","#N/A","#N/A","#N/A","#N/A","#N/A","#N/A","#N/A","#N/A","#N/A","#N/A","#N/A","#N/A","#N/A","#N/A"
"1951:Q3","#N/A","#N/A","#N/A","#N/A","#N/A","#N/A","#N/A","#N/A","#N/A","#N/A","#N/A","#N/A","#N/A","#N/A","#N/A","#N/A","#N/A","#N/A","#N/A","#N/A","#N/A","#N/A","#N/A","#N/A"
"1951:Q4","#N/A","#N/A","#N/A","#N/A","#N/A","#N/A","#N/A","#N/A","#N/A","#N/A","#N/A","#N/A","#N/A","#N/A","#N/A","#N/A","#N/A","#N/A","#N/A","#N/A","#N/A","#N/A","#N/A","#N/A"
"1952:Q1","#N/A","#N/A","#N/A","#N/A","#N/A","#N/A","#N/A","#N/A","#N/A","#N/A","#N/A","#N/A","#N/A","#N/A","#N/A","#N/A","#N/A","#N/A","#N/A","#N/A","#N/A","#N/A","#N/A","#N/A"
"1952:Q2","#N/A","#N/A","#N/A","#N/A","#N/A","#N/A","#N/A","#N/A","#N/A","#N/A","#N/A","#N/A","#N/A","#N/A","#N/A","#N/A","#N/A","#N/A","#N/A","#N/A","#N/A","#N/A","#N/A","#N/A"
"1952:Q3","#N/A","#N/A","#N/A","#N/A","#N/A","#N/A","#N/A","#N/A","#N/A","#N/A","#N/A","#N/A","#N/A","#N/A","#N/A","#N/A","#N/A","#N/A","#N/A","#N/A","#N/A","#N/A","#N/A","#N/A"
"1952:Q4","#N/A","#N/A","#N/A","#N/A","#N/A","#N/A","#N/A","#N/A","#N/A","#N/A","#N/A","#N/A","#N/A","#N/A","#N/A","#N/A","#N/A","#N/A","#N/A","#N/A","#N/A","#N/A","#N/A","#N/A"
"1953:Q1","#N/A","#N/A","#N/A","#N/A","#N/A","#N/A","#N/A","#N/A","#N/A","#N/A","#N/A","#N/A","#N/A","#N/A","#N/A","#N/A","#N/A","#N/A","#N/A","#N/A","#N/A","#N/A","#N/A","#N/A"
"1953:Q2","#N/A","#N/A","#N/A","#N/A","#N/A","#N/A","#N/A","#N/A","#N/A","#N/A","#N/A","#N/A","#N/A","#N/A","#N/A","#N/A","#N/A","#N/A","#N/A","#N/A","#N/A","#N/A","#N/A","#N/A"
"1953:Q3","#N/A","#N/A","#N/A","#N/A","#N/A","#N/A","#N/A","#N/A","#N/A","#N/A","#N/A","#N/A","#N/A","#N/A","#N/A","#N/A","#N/A","#N/A","#N/A","#N/A","#N/A","#N/A","#N/A","#N/A"
"1953:Q4","#N/A","#N/A","#N/A","#N/A","#N/A","#N/A","#N/A","#N/A","#N/A","#N/A","#N/A","#N/A","#N/A","#N/A","#N/A","#N/A","#N/A","#N/A","#N/A","#N/A","#N/A","#N/A","#N/A","#N/A"
"1954:Q1","#N/A","#N/A","#N/A","#N/A","#N/A","#N/A","#N/A","#N/A","#N/A","#N/A","#N/A","#N/A","#N/A","#N/A","#N/A","#N/A","#N/A","#N/A","#N/A","#N/A","#N/A","#N/A","#N/A","#N/A"
"1954:Q2","#N/A","#N/A","#N/A","#N/A","#N/A","#N/A","#N/A","#N/A","#N/A","#N/A","#N/A","#N/A","#N/A","#N/A","#N/A","#N/A","#N/A","#N/A","#N/A","#N/A","#N/A","#N/A","#N/A","#N/A"
"1954:Q3","#N/A","#N/A","#N/A","#N/A","#N/A","#N/A","#N/A","#N/A","#N/A","#N/A","#N/A","#N/A","#N/A","#N/A","#N/A","#N/A","#N/A","#N/A","#N/A","#N/A","#N/A","#N/A","#N/A","#N/A"
"1954:Q4","#N/A","#N/A","#N/A","#N/A","#N/A","#N/A","#N/A","#N/A","#N/A","#N/A","#N/A","#N/A","#N/A","#N/A","#N/A","#N/A","#N/A","#N/A","#N/A","#N/A","#N/A","#N/A","#N/A","#N/A"
"1955:Q1","#N/A","#N/A","#N/A","#N/A","#N/A","#N/A","#N/A","#N/A","#N/A","#N/A","#N/A","#N/A","#N/A","#N/A","#N/A","#N/A","#N/A","#N/A","#N/A","#N/A","#N/A","#N/A","#N/A","#N/A"
"1955:Q2","#N/A","#N/A","#N/A","#N/A","#N/A","#N/A","#N/A","#N/A","#N/A","#N/A","#N/A","#N/A","#N/A","#N/A","#N/A","#N/A","#N/A","#N/A","#N/A","#N/A","#N/A","#N/A","#N/A","#N/A"
"1955:Q3","#N/A","#N/A","#N/A","#N/A","#N/A","#N/A","#N/A","#N/A","#N/A","#N/A","#N/A","#N/A","#N/A","#N/A","#N/A","#N/A","#N/A","#N/A","#N/A","#N/A","#N/A","#N/A","#N/A","#N/A"
"1955:Q4","#N/A","#N/A","#N/A","#N/A","#N/A","#N/A","#N/A","#N/A","#N/A","#N/A","#N/A","#N/A","#N/A","#N/A","#N/A","#N/A","#N/A","#N/A","#N/A","#N/A","#N/A","#N/A","#N/A","#N/A"
"1956:Q1","#N/A","#N/A","#N/A","#N/A","#N/A","#N/A","#N/A","#N/A","#N/A","#N/A","#N/A","#N/A","#N/A","#N/A","#N/A","#N/A","#N/A","#N/A","#N/A","#N/A","#N/A","#N/A","#N/A","#N/A"
"1956:Q2","#N/A","#N/A","#N/A","#N/A","#N/A","#N/A","#N/A","#N/A","#N/A","#N/A","#N/A","#N/A","#N/A","#N/A","#N/A","#N/A","#N/A","#N/A","#N/A","#N/A","#N/A","#N/A","#N/A","#N/A"
"1956:Q3","#N/A","#N/A","#N/A","#N/A","#N/A","#N/A","#N/A","#N/A","#N/A","#N/A","#N/A","#N/A","#N/A","#N/A","#N/A","#N/A","#N/A","#N/A","#N/A","#N/A","#N/A","#N/A","#N/A","#N/A"
"1956:Q4","#N/A","#N/A","#N/A","#N/A","#N/A","#N/A","#N/A","#N/A","#N/A","#N/A","#N/A","#N/A","#N/A","#N/A","#N/A","#N/A","#N/A","#N/A","#N/A","#N/A","#N/A","#N/A","#N/A","#N/A"
"1957:Q1","#N/A","#N/A","#N/A","#N/A","#N/A","#N/A","#N/A","#N/A","#N/A","#N/A","#N/A","#N/A","#N/A","#N/A","#N/A","#N/A","#N/A","#N/A","#N/A","#N/A","#N/A","#N/A","#N/A","#N/A"
"1957:Q2","#N/A","#N/A","#N/A","#N/A","#N/A","#N/A","#N/A","#N/A","#N/A","#N/A","#N/A","#N/A","#N/A","#N/A","#N/A","#N/A","#N/A","#N/A","#N/A","#N/A","#N/A","#N/A","#N/A","#N/A"
"1957:Q3","#N/A","#N/A","#N/A","#N/A","#N/A","#N/A","#N/A","#N/A","#N/A","#N/A","#N/A","#N/A","#N/A","#N/A","#N/A","#N/A","#N/A","#N/A","#N/A","#N/A","#N/A","#N/A","#N/A","#N/A"
"1957:Q4","#N/A","#N/A","#N/A","#N/A","#N/A","#N/A","#N/A","#N/A","#N/A","#N/A","#N/A","#N/A","#N/A","#N/A","#N/A","#N/A","#N/A","#N/A","#N/A","#N/A","#N/A","#N/A","#N/A","#N/A"
"1958:Q1","#N/A","#N/A","#N/A","#N/A","#N/A","#N/A","#N/A","#N/A","#N/A","#N/A","#N/A","#N/A","#N/A","#N/A","#N/A","#N/A","#N/A","#N/A","#N/A","#N/A","#N/A","#N/A","#N/A","#N/A"
"1958:Q2","#N/A","#N/A","#N/A","#N/A","#N/A","#N/A","#N/A","#N/A","#N/A","#N/A","#N/A","#N/A","#N/A","#N/A","#N/A","#N/A","#N/A","#N/A","#N/A","#N/A","#N/A","#N/A","#N/A","#N/A"
"1958:Q3","#N/A","#N/A","#N/A","#N/A","#N/A","#N/A","#N/A","#N/A","#N/A","#N/A","#N/A","#N/A","#N/A","#N/A","#N/A","#N/A","#N/A","#N/A","#N/A","#N/A","#N/A","#N/A","#N/A","#N/A"
"1958:Q4","#N/A","#N/A","#N/A","#N/A","#N/A","#N/A","#N/A","#N/A","#N/A","#N/A","#N/A","#N/A","#N/A","#N/A","#N/A","#N/A","#N/A","#N/A","#N/A","#N/A","#N/A","#N/A","#N/A","#N/A"
"1959:Q1","10.0","10.0","10.0","10.0","10.0","10.0","10.0","10.0","10.2","10.2","10.2","10.2","10.2","10.2","10.2","10.2","8.8","8.8","8.8","8.8","8.8","8.8","8.8","8.8"
"1959:Q2","10.1","10.1","10.1","10.1","10.1","10.1","10.1","10.1","10.2","10.2","10.2","10.2","10.2","10.2","10.2","10.2","8.8","8.8","8.8","8.8","8.8","8.8","8.8","8.8"
"1959:Q3","10.2","10.2","10.2","10.2","10.2","10.2","10.2","10.2","10.1","10.1","10.1","10.1","10.1","10.1","10.1","10.1","8.7","8.7","8.7","8.7","8.7","8.7","8.7","8.7"
"1959:Q4","10.5","10.5","10.5","10.5","10.5","10.5","10.5","10.5","10.4","10.4","10.4","10.4","10.4","10.4","10.4","10.4","9.0","9.0","9.0","9.0","9.0","9.0","9.0","9.0"
"1960:Q1","11.1","11.1","11.1","11.1","11.1","11.1","11.1","11.1","11.1","11.1","11.1","11.1","11.1","11.1","11.1","11.1","9.5","9.5","9.5","9.5","9.5","9.5","9.5","9.5"
"1960:Q2","11.4","11.4","11.4","11.4","11.4","11.4","11.4","11.4","11.4","11.4","11.4","11.4","11.4","11.4","11.4","11.4","9.9","9.9","9.9","9.9","9.9","9.9","9.9","9.9"
"1960:Q3","11.6","11.6","11.6","11.6","11.6","11.6","11.6","11.6","11.6","11.6","11.6","11.6","11.6","11.6","11.6","11.6","10.0","10.0","10.0","10.0","10.0","10.0","10.0","10.0"
"1960:Q4","11.5","11.5","11.5","11.5","11.5","11.5","11.5","11.5","11.5","11.5","11.5","11.5","11.5","11.5","11.5","11.5","9.9","9.9","9.9","9.9","9.9","9.9","9.9","9.9"
"1961:Q1","11.3","11.3","11.3","11.3","11.3","11.3","11.3","11.3","11.3","11.3","11.3","11.3","11.3","11.3","11.3","11.3","9.7","9.7","9.7","9.7","9.7","9.7","9.7","9.7"
"1961:Q2","11.6","11.6","11.6","11.6","11.6","11.6","11.6","11.6","11.6","11.6","11.6","11.6","11.6","11.6","11.6","11.6","10.0","10.0","10.0","10.0","10.0","10.0","10.0","10.0"
"1961:Q3","11.8","11.8","11.8","11.8","11.8","11.8","11.8","11.8","11.8","11.8","11.8","11.8","11.8","11.8","11.8","11.8","10.2","10.2","10.2","10.2","10.2","10.2","10.2","10.2"
"1961:Q4","12.1","12.1","12.1","12.1","12.1","12.1","12.1","12.1","12.1","12.1","12.1","12.1","12.1","12.1","12.1","12.1","10.4","10.4","10.4","10.4","10.4","10.4","10.4","10.4"
"1962:Q1","12.2","12.2","12.2","12.2","12.2","12.2","12.2","12.2","12.2","12.2","12.2","12.2","12.2","12.2","12.2","12.2","10.6","10.6","10.6","10.6","10.6","10.6","10.6","10.6"
"1962:Q2","12.1","12.1","12.1","12.1","12.1","12.1","12.1","12.1","12.1","12.1","12.1","12.1","12.1","12.1","12.1","12.1","10.5","10.5","10.5","10.5","10.5","10.5","10.5","10.5"
"1962:Q3","12.0","12.0","12.0","12.0","12.0","12.0","12.0","12.0","12.0","12.0","12.0","12.0","12.0","12.0","12.0","12.0","10.3","10.3","10.3","10.3","10.3","10.3","10.3","10.3"
"1962:Q4","11.8","11.8","11.8","11.8","11.8","11.8","11.8","11.8","11.8","11.8","11.8","11.8","11.8","11.8","11.8","11.8","10.2","10.2","10.2","10.2","10.2","10.2","10.2","10.2"
"1963:Q1","11.9","11.9","11.9","11.9","11.9","11.9","11.9","11.9","11.9","11.9","11.9","11.9","11.9","11.9","11.9","11.9","10.2","10.2","10.2","10.2","10.2","10.2","10.2","10.2"
"1963:Q2","12.2","12.2","12.2","12.2","12.2","12.2","12.2","12.2","12.2","12.2","12.2","12.2","12.2","12.2","12.2","12.2","10.6","10.6","10.6","10.6","10.6","10.6","10.6","10.6"
"1963:Q3","12.7","12.7","12.7","12.7","12.7","12.7","12.7","12.7","12.7","12.7","12.7","12.7","12.7","12.7","12.7","12.7","11.0","11.0","11.0","11.0","11.0","11.0","11.0","11.0"
"1963:Q4","13.1","13.1","13.1","13.1","13.1","13.1","13.1","13.1","13.1","13.1","13.1","13.1","13.1","13.1","13.1","13.1","11.3","11.3","11.3","11.3","11.3","11.3","11.3","11.3"
"1964:Q1","13.7","13.7","13.7","13.7","13.7","13.7","13.7","13.7","13.7","13.7","13.7","13.7","13.7","13.7","13.7","13.7","11.9","11.9","11.9","11.9","11.9","11.9","11.9","11.9"
"1964:Q2","13.9","13.9","13.9","13.9","13.9","13.9","13.9","13.9","13.9","13.9","13.9","13.9","13.9","13.9","13.9","13.9","12.0","12.0","12.0","12.0","12.0","12.0","12.0","12.0"
"1964:Q3","13.9","13.9","13.9","13.9","13.9","13.9","13.9","13.9","13.8","13.8","13.8","13.8","13.8","13.8","13.8","13.8","12.0","12.0","12.0","12.0","12.0","12.0","12.0","12.0"
"1964:Q4","13.8","13.8","13.8","13.8","13.8","13.8","13.8","13.8","13.8","13.8","13.8","13.8","13.8","13.8","13.8","13.8","12.0","12.0","12.0","12.0","12.0","12.0","12.0","12.0"
"1965:Q1","13.8","13.8","13.8","13.8","13.8","13.8","13.8","13.8","13.8","13.8","13.8","13.8","13.8","13.8","13.8","13.8","11.9","11.9","11.9","11.9","11.9","11.9","11.9","11.9"
"1965:Q2","14.2","14.2","14.2","14.2","14.2","14.2","14.2","14.2","14.2","14.2","14.2","14.2","14.2","14.2","14.2","14.2","12.3","12.3","12.3","12.3","12.3","12.3","12.3","12.3"
"1965:Q3","14.7","14.7","14.7","14.7","14.7","14.7","14.7","14.7","14.7","14.7","14.7","14.7","14.7","14.7","14.7","14.7","12.9","12.9","12.9","12.9","12.9","12.9","12.9","12.9"
"1965:Q4","15.2","15.2","15.2","15.2","15.2","15.2","15.2","15.2","15.2","15.2","15.2","15.2","15.2","15.2","15.2","15.2","13.2","13.2","13.2","13.2","13.2","13.2","13.2","13.2"
"1966:Q1","15.3","15.3","15.3","15.3","15.3","15.3","15.3","15.3","15.3","15.3","15.3","15.3","15.3","15.3","15.3","15.3","13.4","13.4","13.4","13.4","13.4","13.4","13.4","13.4"
"1966:Q2","15.1","15.1","15.1","15.1","15.1","15.1","15.1","15.1","15.1","15.1","15.1","15.1","15.1","15.1","15.1","15.1","13.1","13.1","13.1","13.1","13.1","13.1","13.1","13.1"
"1966:Q3","14.9","14.9","14.9","14.9","14.9","14.9","14.9","14.9","14.9","14.9","14.9","14.9","14.9","14.9","14.9","14.9","12.9","12.9","12.9","12.9","12.9","12.9","12.9","12.9"
"1966:Q4","14.7","14.7","14.7","14.7","14.7","14.7","14.7","14.7","14.7","14.7","14.7","14.7","14.7","14.7","14.7","14.7","12.7","12.7","12.7","12.7","12.7","12.7","12.7","12.7"
"1967:Q1","15.0","15.0","15.0","15.0","15.0","15.0","15.0","15.0","15.0","15.0","15.0","15.0","15.0","15.0","15.0","15.0","12.9","12.9","12.9","12.9","12.9","12.9","12.9","12.9"
"1967:Q2","15.4","15.4","15.4","15.4","15.4","15.4","15.4","15.4","15.4","15.4","15.4","15.4","15.4","15.4","15.4","15.4","13.3","13.3","13.3","13.3","13.3","13.3","13.3","13.3"
"1967:Q3","16.1","16.1","16.1","16.1","16.1","16.1","16.1","16.1","16.1","16.1","16.1","16.1","16.1","16.1","16.1","16.1","13.9","13.9","13.9","13.9","13.9","13.9","13.9","13.9"
"1967:Q4","16.7","16.7","16.7","16.7","16.7","16.7","16.7","16.7","16.7","16.7","16.7","16.7","16.7","16.7","16.7","16.7","14.3","14.3","14.3","14.3","14.3","14.3","14.3","14.3"
"1968:Q1","16.9","16.9","16.9","16.9","16.9","16.9","16.9","16.9","16.9","16.9","16.9","16.9","16.9","16.9","16.9","16.9","14.4","14.4","14.4","14.4","14.4","14.4","14.4","14.4"
"1968:Q2","16.9","16.9","16.9","16.9","16.9","16.9","16.9","16.9","16.9","16.9","16.9","16.9","16.9","16.9","16.9","16.9","14.3","14.3","14.3","14.3","14.3","14.3","14.3","14.3"
"1968:Q3","16.9","16.9","16.9","16.9","16.9","16.9","16.9","16.9","16.9","16.9","16.9","16.9","16.9","16.9","16.9","16.9","14.3","14.3","14.3","14.3","14.3","14.3","14.3","14.3"
"1968:Q4","17.0","17.0","17.0","17.0","17.0","17.0","17.0","17.0","16.9","16.9","16.9","16.9","16.9","16.9","16.9","16.9","14.3","14.3","14.3","14.3","14.3","14.3","14.3","14.3"
"1969:Q1","16.9","16.9","16.9","16.9","16.9","16.9","16.9","16.9","16.9","16.9","16.9","16.9","16.9","16.9","16.9","16.9","14.2","14.2","14.2","14.2","14.2","14.2","14.2","14.2"
"1969:Q2","17.0","17.0","17.0","17.0","17.0","17.0","17.0","17.0","17.0","17.0","17.0","17.0","17.0","17.0","17.0","17.0","14.3","14.3","14.3","14.3","14.3","14.3","14.3","14.3"
"1969:Q3","17.2","17.2","17.2","17.2","17.2","17.2","17.2","17.2","17.2","17.2","17.2","17.2","17.2","17.2","17.2","17.2","14.5","14.5","14.5","14.5","14.5","14.5","14.5","14.5"
"1969:Q4","17.5","17.5","17.5","17.5","17.5","17.5","17.5","17.5","17.5","17.5","17.5","17.5","17.5","17.5","17.5","17.5","14.8","14.8","14.8","14.8","14.8","14.8","14.8","14.8"
"1970:Q1","17.8","17.8","17.8","17.8","17.8","17.8","17.8","17.8","17.8","17.8","17.8","17.8","17.8","17.8","17.8","17.8","15.1","15.1","15.1","15.1","15.1","15.1","15.1","15.1"
"1970:Q2","18.0","18.0","18.0","18.0","18.0","18.0","18.0","18.0","18.0","18.0","18.0","18.0","18.0","18.0","18.0","18.0","15.3","15.3","15.3","15.3","15.3","15.3","15.3","15.3"
"1970:Q3","18.4","18.4","18.4","18.4","18.4","18.4","18.4","18.4","18.4","18.4","18.4","18.4","18.4","18.4","18.4","18.4","15.7","15.7","15.7","15.7","15.7","15.7","15.7","15.7"
"1970:Q4","18.2","18.2","18.2","18.2","18.2","18.2","18.2","18.2","18.2","18.2","18.2","18.2","18.2","18.2","18.2","18.2","15.5","15.5","15.5","15.5","15.5","15.5","15.5","15.5"
"1971:Q1","18.4","18.4","18.4","18.4","18.4","18.4","18.4","18.4","18.4","18.4","18.4","18.4","18.4","18.4","18.4","18.4","15.7","15.7","15.7","15.7","15.7","15.7","15.7","15.7"
"1971:Q2","18.8","18.8","18.8","18.8","18.8","18.8","18.8","18.8","18.8","18.8","18.8","18.8","18.8","18.8","18.8","18.8","16.0","16.0","16.0","16.0","16.0","16.0","16.0","16.0"
"1971:Q3","19.2","19.2","19.2","19.2","19.2","19.2","19.2","19.2","19.2","19.2","19.2","19.2","19.2","19.2","19.2","19.2","16.4","16.4","16.4","16.4","16.4","16.4","16.4","16.4"
"1971:Q4","19.9","19.9","19.9","19.9","19.9","19.9","19.9","19.9","19.9","19.9","19.9","19.9","19.9","19.9","19.9","19.9","17.0","17.0","17.0","17.0","17.0","17.0","17.0","17.0"
"1972:Q1","19.9","19.9","19.9","19.9","19.9","19.9","19.9","19.9","19.9","19.9","19.9","19.9","19.9","19.9","19.9","19.9","16.8","16.8","16.8","16.8","16.8","16.8","16.8","16.8"
"1972:Q2","20.1","20.1","20.1","20.1","20.1","20.1","20.1","20.1","20.1","20.1","20.1","20.1","20.1","20.1","20.1","20.1","17.0","17.0","17.0","17.0","17.0","17.0","17.0","17.0"
"1972:Q3","19.9","19.9","19.9","19.9","19.9","19.9","19.9","19.9","19.9","19.9","19.9","19.9","19.9","19.9","19.9","19.9","16.8","16.8","16.8","16.8","16.8","16.8","16.8","16.8"
"1972:Q4","21.0","21.0","21.0","21.0","21.0","21.0","21.0","21.0","21.0","21.0","21.0","21.0","21.0","21.0","21.0","21.0","17.8","17.8","17.8","17.8","17.8","17.8","17.8","17.8"
"1973:Q1","20.6","20.6","20.6","20.6","20.6","20.6","20.6","20.6","20.6","20.6","20.6","20.6","20.6","20.6","20.6","20.6","17.4","17.4","17.4","17.4","17.4","17.4","17.4","17.4"
"1973:Q2","20.8","20.8","20.8","20.8","20.8","20.8","20.8","20.8","20.8","20.8","20.8","20.8","20.8","20.8","20.8","20.8","17.6","17.6","17.6","17.6","17.6","17.6","17.6","17.6"
"1973:Q3","20.1","20.1","20.1","20.1","20.1","20.1","20.1","20.1","20.1","20.1","20.1","20.1","20.1","20.1","20.1","20.1","17.0","17.0","17.0","17.0","17.0","17.0","17.0","17.0"
"1973:Q4","20.2","20.2","20.2","20.2","20.2","20.2","20.2","20.2","20.2","20.2","20.2","20.2","20.2","20.2","20.2","20.2","17.1","17.1","17.1","17.1","17.1","17.1","17.1","17.1"
"1974:Q1","20.2","20.2","20.2","20.2","20.2","20.2","20.2","20.2","20.2","20.2","20.2","20.2","20.2","20.2","20.2","20.2","17.1","17.1","17.1","17.1","17.1","17.1","17.1","17.1"
"1974:Q2","20.1","20.1","20.1","20.1","20.1","20.1","20.1","20.1","20.1","20.1","20.1","20.1","20.1","20.1","20.1","20.1","17.0","17.0","17.0","17.0","17.0","17.0","17.0","17.0"
"1974:Q3","19.9","19.9","19.9","19.9","19.9","19.9","19.9","19.9","19.9","19.9","19.9","19.9","19.9","19.9","19.9","19.9","16.8","16.8","16.8","16.8","16.8","16.8","16.8","16.8"
"1974:Q4","20.0","20.0","20.0","20.0","20.0","20.0","20.0","20.0","20.0","20.0","20.0","20.0","20.0","20.0","20.0","20.0","16.9","16.9","16.9","16.9","16.9","16.9","16.9","16.9"
"1975:Q1","19.8","19.8","19.8","19.8","19.8","19.8","19.8","19.8","19.8","19.8","19.8","19.8","19.8","19.8","19.8","19.8","16.7","16.7","16.7","16.7","16.7","16.7","16.7","16.7"
"1975:Q2","19.9","19.9","19.9","19.9","19.9","19.9","19.9","19.9","19.9","19.9","19.9","19.9","19.9","19.9","19.9","19.9","16.9","16.9","16.9","16.9","16.9","16.9","16.9","16.9"
"1975:Q3","20.2","20.2","20.2","20.2","20.2","20.2","20.2","20.2","20.2","20.2","20.2","20.2","20.2","20.2","20.2","20.2","17.1","17.1","17.1","17.1","17.1","17.1","17.1","17.1"
"1975:Q4","20.7","20.7","20.7","20.7","20.7","20.7","20.7","20.7","20.7","20.7","20.7","20.7","20.7","20.7","20.7","20.7","17.5","17.5","17.5","17.5","17.5","17.5","17.5","17.5"
"1976:Q1","21.2","21.2","21.2","21.2","21.2","21.2","21.2","21.2","21.2","21.2","21.2","21.2","21.2","21.2","21.2","21.2","18.0","18.0","18.0","18.0","18.0","18.0","18.0","18.0"
"1976:Q2","21.3","21.3","21.3","21.3","21.3","21.3","21.3","21.3","21.3","21.3","21.3","21.3","21.3","21.3","21.3","21.3","18.1","18.1","18.1","18.1","18.1","18.1","18.1","18.1"
"1976:Q3","21.3","21.3","21.3","21.3","21.3","21.3","21.3","21.3","21.3","21.3","21.3","21.3","21.3","21.3","21.3","21.3","18.1","18.1","18.1","18.1","18.1","18.1","18.1","18.1"
"1976:Q4","21.4","21.4","21.4","21.4","21.4","21.4","21.4","21.4","21.4","21.4","21.4","21.4","21.4","21.4","21.4","21.4","18.2","18.2","18.2","18.2","18.2","18.2","18.2","18.2"
"1977:Q1","21.3","21.3","21.3","21.3","21.3","21.3","21.3","21.3","21.3","21.3","21.3","21.3","21.3","21.3","21.3","21.3","18.1","18.1","18.1","18.1","18.1","18.1","18.1","18.1"
"1977:Q2","21.3","21.3","21.3","21.3","21.3","21.3","21.3","21.3","21.3","21.3","21.3","21.3","21.3","21.3","21.3","21.3","18.1","18.1","18.1","18.1","18.1","18.1","18.1","18.1"
"1977:Q3","21.5","21.5","21.5","21.5","21.5","21.5","21.5","21.5","21.5","21.5","21.5","21.5","21.5","21.5","21.5","21.5","18.3","18.3","18.3","18.3","18.3","18.3","18.3","18.3"
"1977:Q4","22.4","22.4","22.4","22.4","22.4","22.4","22.4","22.4","22.4","22.4","22.4","22.4","22.4","22.4","22.4","22.4","19.1","19.1","19.1","19.1","19.1","19.1","19.1","19.1"
"1978:Q1","22.5","22.5","22.5","22.5","22.5","22.5","22.5","22.5","22.5","22.5","22.5","22.5","22.5","22.5","22.5","22.5","19.1","19.1","19.1","19.1","19.1","19.1","19.1","19.1"
"1978:Q2","22.8","22.8","22.8","22.8","22.8","22.8","22.8","22.8","22.8","22.8","22.8","22.8","22.8","22.8","22.8","22.8","19.3","19.3","19.3","19.3","19.3","19.3","19.3","19.3"
"1978:Q3","22.7","22.7","22.7","22.7","22.7","22.7","22.7","22.7","22.7","22.7","22.7","22.7","22.7","22.7","22.7","22.7","19.2","19.2","19.2","19.2","19.2","19.2","19.2","19.2"
"1978:Q4","23.2","23.2","23.2","23.2","23.2","23.2","23.2","23.2","23.2","23.2","23.2","23.2","23.2","23.2","23.2","23.2","19.6","19.6","19.6","19.6","19.6","19.6","19.6","19.6"
"1979:Q1","23.9","23.9","23.9","23.9","23.9","23.9","23.9","23.9","23.9","23.9","23.9","23.9","23.9","23.9","23.9","23.9","20.3","20.3","20.3","20.3","20.3","20.3","20.3","20.3"
"1979:Q2","23.9","23.9","23.9","23.9","23.9","23.9","23.9","23.9","23.9","23.9","23.9","23.9","23.9","23.9","23.9","23.9","20.2","20.2","20.2","20.2","20.2","20.2","20.2","20.2"
"1979:Q3","22.9","22.9","22.9","22.9","22.9","22.9","22.9","22.9","22.9","22.9","22.9","22.9","22.9","22.9","22.9","22.9","19.3","19.3","19.3","19.3","19.3","19.3","19.3","19.3"
"1979:Q4","23.6","23.6","23.6","23.6","23.6","23.6","23.6","23.6","23.5","23.5","23.5","23.5","23.5","23.5","23.5","23.5","19.9","19.9","19.9","19.9","19.9","19.9","19.9","19.9"
"1980:Q1","23.9","23.9","23.9","23.9","23.9","23.9","23.9","23.9","23.9","23.9","23.9","23.9","23.9","23.9","23.9","23.9","20.3","20.3","20.3","20.3","20.3","20.3","20.3","20.3"
"1980:Q2","24.0","24.0","24.0","24.0","24.0","24.0","24.0","24.0","24.0","24.0","24.0","24.0","24.0","24.0","24.0","24.0","20.4","20.4","20.4","20.4","20.4","20.4","20.4","20.4"
"1980:Q3","25.1","25.1","25.1","25.1","25.1","25.1","25.1","25.1","25.1","25.1","25.1","25.1","25.1","25.1","25.1","25.1","21.3","21.3","21.3","21.3","21.3","21.3","21.3","21.3"
"1980:Q4","25.7","25.7","25.7","25.7","25.7","25.7","25.7","25.7","25.7","25.7","25.7","25.7","25.7","25.7","25.7","25.7","21.9","21.9","21.9","21.9","21.9","21.9","21.9","21.9"
"1981:Q1","25.9","25.9","25.9","25.9","25.9","25.9","25.9","25.9","25.9","25.9","25.9","25.9","25.9","25.9","25.9","25.9","22.0","22.0","22.0","22.0","22.0","22.0","22.0","22.0"
"1981:Q2","25.8","25.8","25.8","25.8","25.8","25.8","25.8","25.8","25.8","25.8","25.8","25.8","25.8","25.8","25.8","25.8","21.9","21.9","21.9","21.9","21.9","21.9","21.9","21.9"
"1981:Q3","26.8","26.8","26.8","26.8","26.8","26.8","26.8","26.8","26.8","26.8","26.8","26.8","26.8","26.8","26.8","26.8","22.8","22.8","22.8","22.8","22.8","22.8","22.8","22.8"
"1981:Q4","28.2","28.2","28.2","28.2","28.2","28.2","28.2","28.2","28.2","28.2","28.2","28.2","28.2","28.2","28.2","28.2","24.1","24.1","24.1","24.1","24.1","24.1","24.1","24.1"
"1982:Q1","29.4","29.4","29.4","29.4","29.4","29.4","29.4","29.4","29.3","29.3","29.3","29.3","29.3","29.3","29.3","29.3","25.2","25.2","25.2","25.2","25.2","25.2","25.2","25.2"
"1982:Q2","30.4","30.4","30.4","30.4","30.4","30.4","30.4","30.4","30.4","30.4","30.4","30.4","30.4","30.4","30.4","30.4","26.1","26.1","26.1","26.1","26.1","26.1","26.1","26.1"
"1982:Q3","31.4","31.4","31.4","31.4","31.4","31.4","31.4","31.4","31.4","31.4","31.4","31.4","31.4","31.4","31.4","31.4","27.1","27.1","27.1","27.1","27.1","27.1","27.1","27.1"
"1982:Q4","32.6","32.6","32.6","32.6","32.6","32.6","32.6","32.6","32.5","32.5","32.5","32.5","32.5","32.5","32.5","32.5","28.2","28.2","28.2","28.2","28.2","28.2","28.2","28.2"
"1983:Q1","34.0","34.0","34.0","34.0","34.0","34.0","34.0","34.0","34.0","34.0","34.0","34.0","34.0","34.0","34.0","34.0","29.5","29.5","29.5","29.5","29.5","29.5","29.5","29.5"
"1983:Q2","34.4","34.4","34.4","34.4","34.4","34.4","34.4","34.4","34.4","34.4","34.4","34.4","34.4","34.4","34.4","34.4","29.9","29.9","29.9","29.9","29.9","29.9","29.9","29.9"
"1983:Q3","36.0","36.0","36.0","36.0","36.0","36.0","36.0","36.0","36.0","36.0","36.0","36.0","36.0","36.0","36.0","36.0","31.3","31.3","31.3","31.3","31.3","31.3","31.3","31.3"
"1983:Q4","37.9","37.9","37.9","37.9","37.9","37.9","37.9","37.9","37.8","37.8","37.8","37.8","37.8","37.8","37.8","37.8","33.0","33.0","33.0","33.0","33.0","33.0","33.0","33.0"
"1984:Q1","38.7","38.7","38.7","38.7","38.7","38.7","38.7","38.7","38.6","38.6","38.6","38.6","38.6","38.6","38.6","38.6","33.8","33.8","33.8","33.8","33.8","33.8","33.8","33.8"
"1984:Q2","40.2","40.2","40.2","40.2","40.2","40.2","40.2","40.2","40.1","40.1","40.1","40.1","40.1","40.1","40.1","40.1","35.2","35.2","35.2","35.2","35.2","35.2","35.2","35.2"
"1984:Q3","41.7","41.7","41.7","41.7","41.7","41.7","41.7","41.7","41.7","41.7","41.7","41.7","41.7","41.7","41.7","41.7","36.6","36.6","36.6","36.6","36.6","36.6","36.6","36.6"
"1984:Q4","43.7","43.7","43.7","43.7","43.7","43.7","43.7","43.7","43.7","43.7","43.7","43.7","43.7","43.7","43.7","43.7","38.4","38.4","38.4","38.4","38.4","38.4","38.4","38.4"
"1985:Q1","43.2","43.2","43.2","43.2","43.2","43.2","43.2","43.2","43.2","43.2","43.2","43.2","43.2","43.2","43.2","43.2","38.0","38.0","38.0","38.0","38.0","38.0","38.0","38.0"
"1985:Q2","44.1","44.1","44.1","44.1","44.1","44.1","44.1","44.1","44.1","44.1","44.1","44.1","44.1","44.1","44.1","44.1","38.8","38.8","38.8","38.8","38.8","38.8","38.8","38.8"
"1985:Q3","44.8","44.8","44.8","44.8","44.8","44.8","44.8","44.8","44.8","44.8","44.8","44.8","44.8","44.8","44.8","44.8","39.3","39.3","39.3","39.3","39.3","39.3","39.3","39.3"
"1985:Q4","45.0","45.0","45.0","45.0","45.0","45.0","45.0","45.0","45.0","45.0","45.0","45.0","45.0","45.0","45.0","45.0","39.3","39.3","39.3","39.3","39.3","39.3","39.3","39.3"
"1986:Q1","47.4","47.4","47.4","47.4","47.4","47.4","47.4","47.4","47.4","47.4","47.4","47.4","47.4","47.4","47.4","47.4","41.5","41.5","41.5","41.5","41.5","41.5","41.5","41.5"
"1986:Q2","50.4","50.4","50.4","50.4","50.4","50.4","50.4","50.4","50.4","50.4","50.4","50.4","50.4","50.4","50.4","50.4","44.2","44.2","44.2","44.2","44.2","44.2","44.2","44.2"
"1986:Q3","51.3","51.3","51.3","51.3","51.3","51.3","51.3","51.3","51.3","51.3","51.3","51.3","51.3","51.3","51.3","51.3","45.1","45.1","45.1","45.1","45.1","45.1","45.1","45.1"
"1986:Q4","51.9","51.9","51.9","51.9","51.9","51.9","51.9","51.9","51.8","51.8","51.8","51.8","51.8","51.8","51.8","51.8","45.7","45.7","45.7","45.7","45.7","45.7","45.7","45.7"
"1987:Q1","52.5","52.5","52.5","52.5","52.5","52.5","52.5","52.5","52.5","52.5","52.5","52.5","52.5","52.5","52.5","52.5","46.3","46.3","46.3","46.3","46.3","46.3","46.3","46.3"
"1987:Q2","53.2","53.2","53.2","53.2","53.2","53.2","53.2","53.2","53.2","53.2","53.2","53.2","53.2","53.2","53.2","53.2","47.0","47.0","47.0","47.0","47.0","47.0","47.0","47.0"
"1987:Q3","54.6","54.6","54.6","54.6","54.6","54.6","54.6","54.6","54.6","54.6","54.6","54.6","54.6","54.6","54.6","54.6","48.2","48.2","48.2","48.2","48.2","48.2","48.2","48.2"
"1987:Q4","55.5","55.5","55.5","55.5","55.5","55.5","55.5","55.5","55.5","55.5","55.5","55.5","55.5","55.5","55.5","55.5","49.0","49.0","49.0","49.0","49.0","49.0","49.0","49.0"
"1988:Q1","58.6","58.6","58.6","58.6","58.6","58.6","58.6","58.6","58.5","58.5","58.5","58.5","58.5","58.5","58.5","58.5","51.6","51.6","51.6","51.6","51.6","51.6","51.6","51.6"
"1988:Q2","60.9","60.9","60.9","60.9","60.9","60.9","60.9","60.9","60.9","60.9","60.9","60.9","60.9","60.9","60.9","60.9","53.7","53.7","53.7","53.7","53.7","53.7","53.7","53.7"
"1988:Q3","63.5","63.5","63.5","63.5","63.5","63.5","63.5","63.5","63.4","63.4","63.4","63.4","63.4","63.4","63.4","63.4","55.9","55.9","55.9","55.9","55.9","55.9","55.9","55.9"
"1988:Q4","65.4","65.4","65.4","65.4","65.4","65.4","65.4","65.4","65.4","65.4","65.4","65.4","65.4","65.4","65.4","65.4","57.7","57.7","57.7","57.7","57.7","57.7","57.7","57.7"
"1989:Q1","66.1","66.1","66.1","66.1","66.1","66.1","66.1","66.1","66.0","66.0","66.0","66.0","66.0","66.0","66.0","66.0","58.3","58.3","58.3","58.3","58.3","58.3","58.3","58.3"
"1989:Q2","69.4","69.4","69.4","69.4","69.4","69.4","69.4","69.4","69.3","69.3","69.3","69.3","69.3","69.3","69.3","69.3","61.4","61.4","61.4","61.4","61.4","61.4","61.4","61.4"
"1989:Q3","72.8","72.8","72.8","72.8","72.8","72.8","72.8","72.8","72.6","72.6","72.6","72.6","72.6","72.6","72.6","72.6","64.6","64.6","64.6","64.6","64.6","64.6","64.6","64.6"
"1989:Q4","76.0","76.0","76.0","76.0","76.0","76.0","76.0","76.0","75.8","75.8","75.8","75.8","75.8","75.8","75.8","75.8","67.6","67.6","67.6","67.6","67.6","67.6","67.6","67.6"
"1990:Q1","77.9","77.9","77.9","77.9","77.9","77.9","77.9","77.9","77.8","77.8","77.8","77.8","77.8","77.8","77.8","77.8","69.4","69.4","69.4","69.4","69.4","69.4","69.4","69.4"
"1990:Q2","83.3","83.3","83.3","83.3","83.3","83.3","83.3","83.3","83.2","83.2","83.2","83.2","83.2","83.2","83.2","83.2","74.5","74.5","74.5","74.5","74.5","74.5","74.5","74.5"
"1990:Q3","89.3","89.3","89.3","89.3","89.3","89.3","89.3","89.3","89.1","89.1","89.1","89.1","89.1","89.1","89.1","89.1","80.1","80.1","80.1","80.1","80.1","80.1","80.1","80.1"
"1990:Q4","91.7","91.7","91.7","91.7","91.7","91.7","91.7","91.7","91.6","91.6","91.6","91.6","91.6","91.6","91.6","91.6","82.5","82.5","82.5","82.5","82.5","82.5","82.5","82.5"
"1991:Q1","93.5","93.5","93.5","93.5","93.5","93.5","93.5","93.5","93.4","93.4","93.4","93.4","93.4","93.4","93.4","93.4","84.1","84.1","84.1","84.1","84.1","84.1","84.1","84.1"
"1991:Q2","95.0","95.0","95.0","95.0","95.0","95.0","95.0","95.0","94.9","94.9","94.9","94.9","94.9","94.9","94.9","94.9","85.5","85.5","85.5","85.5","85.5","85.5","85.5","85.5"
"1991:Q3","98.5","98.5","98.5","98.5","98.5","98.5","98.5","98.5","98.4","98.4","98.4","98.4","98.4","98.4","98.4","98.4","88.7","88.7","88.7","88.7","88.7","88.7","88.7","88.7"
"1991:Q4","102.1","102.1","102.1","102.1","102.1","102.1","102.1","102.1","101.9","101.9","101.9","101.9","101.9","101.9","101.9","101.9","91.9","91.9","91.9","91.9","91.9","91.9","91.9","91.9"
"1992:Q1","108.8","108.8","108.8","108.8","108.8","108.8","108.8","108.8","108.6","108.6","108.6","108.6","108.6","108.6","108.6","108.6","98.2","98.2","98.2","98.2","98.2","98.2","98.2","98.2"
"1992:Q2","114.6","114.6","114.6","114.6","114.6","114.6","114.6","114.6","114.4","114.4","114.4","114.4","114.4","114.4","114.4","114.4","103.7","103.7","103.7","103.7","103.7","103.7","103.7","103.7"
"1992:Q3","119.4","119.4","119.4","119.4","119.4","119.4","119.4","119.4","119.2","119.2","119.2","119.2","119.2","119.2","119.2","119.2","108.3","108.3","108.3","108.3","108.3","108.3","108.3","108.3"
"1992:Q4","123.8","123.8","123.8","123.8","123.8","123.8","123.8","123.8","123.6","123.6","123.6","123.6","123.6","123.6","123.6","123.6","112.6","112.6","112.6","112.6","112.6","112.6","112.6","112.6"
"1993:Q1","123.4","123.4","123.4","123.4","123.4","123.4","123.4","123.4","123.3","123.3","123.3","123.3","123.3","123.3","123.3","123.3","112.2","112.2","112.2","112.2","112.2","112.2","112.2","112.2"
"1993:Q2","123.8","123.8","123.8","123.8","123.8","123.8","123.8","123.8","123.7","123.7","123.7","123.7","123.7","123.7","123.7","123.7","112.6","112.6","112.6","112.6","112.6","112.6","112.6","112.6"
"1993:Q3","126.9","126.9","126.9","126.9","126.9","126.9","126.9","126.9","126.9","126.9","126.9","126.9","126.9","126.9","126.9","126.9","115.6","115.6","115.6","115.6","115.6","115.6","115.6","115.6"
"1993:Q4","128.4","128.4","128.4","128.4","128.4","128.4","128.4","128.4","128.4","128.4","128.4","128.4","128.4","128.4","128.4","128.4","117.1","117.1","117.1","117.1","117.1","117.1","117.1","117.1"
"1994:Q1","131.5","131.5","131.5","131.5","131.5","131.5","131.5","131.5","131.5","131.5","131.5","131.5","131.5","131.5","131.5","131.5","120.1","120.1","120.1","120.1","120.1","120.1","120.1","120.1"
"1994:Q2","134.8","134.8","134.8","134.8","134.8","134.8","134.8","134.8","134.7","134.7","134.7","134.7","134.7","134.7","134.7","134.7","123.2","123.2","123.2","123.2","123.2","123.2","123.2","123.2"
"1994:Q3","138.2","138.2","138.2","138.2","138.2","138.2","138.2","138.2","138.1","138.1","138.1","138.1","138.1","138.1","138.1","138.1","126.5","126.5","126.5","126.5","126.5","126.5","126.5","126.5"
"1994:Q4","139.6","139.6","139.6","139.6","139.6","139.6","139.6","139.6","139.6","139.6","139.6","139.6","139.6","139.6","139.6","139.6","127.8","127.8","127.8","127.8","127.8","127.8","127.8","127.8"
"1995:Q1","140.3","140.3","140.3","140.3","140.3","140.3","140.3","140.3","140.2","140.2","140.2","140.2","140.2","140.2","140.2","140.2","128.5","128.5","128.5","128.5","128.5","128.5","128.5","128.5"
"1995:Q2","141.6","141.6","141.6","141.6","141.6","141.6","141.6","141.6","141.5","141.5","141.5","141.5","141.5","141.5","141.5","141.5","129.7","129.7","129.7","129.7","129.7","129.7","129.7","129.7"
"1995:Q3","142.2","142.2","142.2","142.2","142.2","142.2","142.2","142.2","142.2","142.2","142.2","142.2","142.2","142.2","142.2","142.2","130.3","130.3","130.3","130.3","130.3","130.3","130.3","130.3"
"1995:Q4","145.1","145.1","145.1","145.1","145.1","145.1","145.1","145.1","145.0","145.0","145.0","145.0","145.0","145.0","145.0","145.0","132.8","132.8","132.8","132.8","132.8","132.8","132.8","132.8"
"1996:Q1","150.0","150.0","150.0","150.0","150.0","150.0","150.0","150.0","149.9","149.9","149.9","149.9","149.9","149.9","149.9","149.9","137.2","137.2","137.2","137.2","137.2","137.2","137.2","137.2"
"1996:Q2","151.8","151.8","151.8","151.8","151.8","151.8","151.8","151.8","151.7","151.7","151.7","151.7","151.7","151.7","151.7","151.7","138.7","138.7","138.7","138.7","138.7","138.7","138.7","138.7"
"1996:Q3","152.9","152.9","152.9","152.9","152.9","152.9","152.9","152.9","152.9","152.9","152.9","152.9","152.9","152.9","152.9","152.9","139.6","139.6","139.6","139.6","139.6","139.6","139.6","139.6"
"1996:Q4","149.1","149.1","149.1","149.1","149.1","149.1","149.1","149.1","149.0","149.0","149.0","149.0","149.0","149.0","149.0","149.0","135.6","135.6","135.6","135.6","135.6","135.6","135.6","135.6"
"1997:Q1","140.9","140.9","140.9","140.9","140.9","140.9","140.9","140.9","140.8","140.8","140.8","140.8","140.8","140.8","140.8","140.8","127.5","127.5","127.5","127.5","127.5","127.5","127.5","127.5"
"1997:Q2","139.9","139.9","139.9","139.9","139.9","139.9","139.9","139.9","139.8","139.8","139.8","139.8","139.8","139.8","139.8","139.8","126.2","126.2","126.2","126.2","126.2","126.2","126.2","126.2"
"1997:Q3","139.7","139.7","139.7","139.7","139.7","139.7","139.7","139.7","139.7","139.7","139.7","139.7","139.7","139.7","139.7","139.7","125.9","125.9","125.9","125.9","125.9","125.9","125.9","125.9"
"1997:Q4","141.8","141.8","141.8","141.8","141.8","141.8","141.8","141.8","141.7","141.7","141.7","141.7","141.7","141.7","141.7","141.7","127.7","127.7","127.7","127.7","127.7","127.7","127.7","127.7"
"1998:Q1","146.4","146.4","146.4","146.4","146.4","146.4","146.4","146.4","146.3","146.3","146.3","146.3","146.3","146.3","146.3","146.3","132.0","132.0","132.0","132.0","132.0","132.0","132.0","132.0"
"1998:Q2","151.0","151.0","151.0","151.0","151.0","151.0","151.0","151.0","151.0","151.0","151.0","151.0","151.0","151.0","151.0","151.0","136.4","136.4","136.4","136.4","136.4","136.4","136.4","136.4"
"1998:Q3","156.5","156.5","156.5","156.5","156.5","156.5","156.5","156.5","156.4","156.4","156.4","156.4","156.4","156.4","156.4","156.4","141.7","141.7","141.7","141.7","141.7","141.7","141.7","141.7"
"1998:Q4","161.8","161.8","161.8","161.8","161.8","161.8","161.8","161.8","161.8","161.8","161.8","161.8","161.8","161.8","161.8","161.8","146.9","146.9","146.9","146.9","146.9","146.9","146.9","146.9"
"1999:Q1","163.0","163.0","163.0","163.0","163.0","163.0","163.0","163.0","162.9","162.9","162.9","162.9","162.9","162.9","162.9","162.9","148.1","148.1","148.1","148.1","148.1","148.1","148.1","148.1"
"1999:Q2","164.2","164.2","164.2","164.2","164.2","164.2","164.2","164.2","164.1","164.1","164.1","164.1","164.1","164.1","164.1","164.1","149.3","149.3","149.3","149.3","149.3","149.3","149.3","149.3"
"1999:Q3","165.4","165.4","165.4","165.4","165.4","165.4","165.4","165.4","165.4","165.4","165.4","165.4","165.4","165.4","165.4","165.4","150.5","150.5","150.5","150.5","150.5","150.5","150.5","150.5"
"1999:Q4","167.4","167.4","167.4","167.4","167.4","167.4","167.4","167.4","167.4","167.4","167.4","167.4","167.4","167.4","167.4","167.4","152.5","152.5","152.5","152.5","152.5","152.5","152.5","152.5"
"2000:Q1","172.8","172.8","172.8","172.8","172.8","172.8","172.8","172.8","172.7","172.7","172.7","172.7","172.7","172.7","172.7","172.7","157.7","157.7","157.7","157.7","157.7","157.7","157.7","157.7"
"2000:Q2","173.6","173.6","173.6","173.6","173.6","173.6","173.6","173.6","173.5","173.5","173.5","173.5","173.5","173.5","173.5","173.5","158.5","158.5","158.5","158.5","158.5","158.5","158.5","158.5"
"2000:Q3","179.9","179.9","179.9","179.9","179.9","179.9","179.9","179.9","179.9","179.9","179.9","179.9","179.9","179.9","179.9","179.9","164.7","164.7","164.7","164.7","164.7","164.7","164.7","164.7"
"2000:Q4","185.1","185.1","185.1","185.1","185.1","185.1","185.1","185.1","185.0","185.0","185.0","185.0","185.0","185.0","185.0","185.0","169.7","169.7","169.7","169.7","169.7","169.7","169.7","169.7"
"2001:Q1","186.1","186.1","186.1","186.1","186.1","186.1","186.1","186.1","186.0","186.0","186.0","186.0","186.0","186.0","186.0","186.0","170.7","170.7","170.7","170.7","170.7","170.7","170.7","170.7"
"2001:Q2","189.8","189.8","189.8","189.8","189.8","189.8","189.8","189.8","189.7","189.7","189.7","189.7","189.7","189.7","189.7","189.7","174.5","174.5","174.5","174.5","174.5","174.5","174.5","174.5"
"2001:Q3","192.9","192.9","192.9","192.9","192.9","192.9","192.9","192.9","192.8","192.8","192.8","192.8","192.8","192.8","192.8","192.8","177.6","177.6","177.6","177.6","177.6","177.6","177.6","177.6"
"2001:Q4","196.8","196.8","196.8","196.8","196.8","196.8","196.8","196.8","196.8","196.8","196.8","196.8","196.8","196.8","196.8","196.8","181.5","181.5","181.5","181.5","181.5","181.5","181.5","181.5"
"2002:Q1","200.4","200.4","200.4","200.4","200.4","200.4","200.4","200.4","200.3","200.3","200.3","200.3","200.3","200.3","200.3","200.3","185.0","185.0","185.0","185.0","185.0","185.0","185.0","185.0"
"2002:Q2","205.0","205.0","205.0","205.0","205.0","205.0","205.0","205.0","204.9","204.9","204.9","204.9","204.9","204.9","204.9","204.9","190.4","190.4","190.4","190.4","190.4","190.4","190.4","190.4"
"2002:Q3","212.8","212.8","212.8","212.8","212.8","212.8","212.8","212.8","212.7","212.7","212.7","212.7","212.7","212.7","212.7","212.7","198.2","198.2","198.2","198.2","198.2","198.2","198.2","198.2"
"2002:Q4","218.1","218.1","218.1","218.1","218.1","218.1","218.1","218.1","218.0","218.0","218.0","218.0","218.0","218.0","218.0","218.0","203.2","203.2","203.2","203.2","203.2","203.2","203.2","203.2"
"2003:Q1","217.6","217.6","217.6","217.6","217.6","217.6","217.6","217.6","217.1","217.1","217.1","217.1","217.1","217.1","217.1","217.1","203.5","203.5","203.5","203.5","203.5","203.5","203.5","203.5"
"2003:Q2","220.5","220.5","220.5","220.5","220.5","220.5","220.5","220.5","219.8","219.8","219.8","219.8","219.8","219.8","219.8","219.8","206.5","206.5","206.5","206.5","206.5","206.5","206.5","206.5"
"2003:Q3","220.0","220.0","220.0","220.0","220.0","220.0","220.0","220.0","219.3","219.3","219.3","219.3","219.3","219.3","219.3","219.3","207.5","207.5","207.5","207.5","207.5","207.5","207.5","207.5"
"2003:Q4","219.2","219.2","219.2","219.2","219.2","219.2","219.2","219.2","218.7","218.7","218.7","218.7","218.7","218.7","218.7","218.7","207.8","207.8","207.8","207.8","207.8","207.8","207.8","207.8"
"2004:Q1","220.0","220.0","220.0","220.0","220.0","220.0","220.0","220.0","219.9","219.9","219.9","219.9","219.9","219.9","219.9","219.9","211.2","211.2","211.2","211.2","211.2","211.2","211.2","211.2"
"2004:Q2","218.1","218.1","218.1","218.1","218.1","218.1","218.1","218.1","217.9","217.9","217.9","217.9","217.9","217.9","217.9","217.9","210.5","210.5","210.5","210.5","210.5","210.5","210.5","210.5"
"2004:Q3","217.0","217.0","217.0","217.0","217.0","217.0","217.0","217.0","216.4","216.4","216.4","216.4","216.4","216.4","216.4","216.4","209.9","209.9","209.9","209.9","209.9","209.9","209.9","209.9"
"2004:Q4","218.2","218.2","218.2","218.2","218.2","218.2","218.2","218.2","216.4","216.4","216.4","216.4","216.4","216.4","216.4","216.4","209.7","209.7","209.7","209.7","209.7","209.7","209.7","209.7"
"2005:Q1","213.4","213.4","213.4","213.4","213.4","213.4","213.4","213.4","204.0","204.0","204.0","204.0","204.0","204.0","204.0","204.0","202.7","202.7","202.7","202.7","202.7","202.7","202.7","202.7"
"2005:Q2","213.7","213.7","213.7","213.7","213.7","213.7","213.7","213.7","208.2","208.2","208.2","208.2","208.2","208.2","208.2","208.2","207.9","207.9","207.9","207.9","207.9","207.9","207.9","207.9"
"2005:Q3","212.8","212.8","212.8","212.8","212.8","212.8","212.8","212.8","212.2","212.2","212.2","212.2","212.2","212.2","212.2","212.2","209.1","209.1","209.1","209.1","209.1","209.1","209.1","209.1"
"2005:Q4","216.4","216.4","216.4","216.4","216.4","216.4","216.4","216.4","222.4","222.4","222.4","222.4","222.4","222.4","222.4","222.4","220.1","220.1","220.1","220.1","220.1","220.1","220.1","220.1"
"2006:Q1","222.8","222.8","222.8","222.8","222.8","222.8","222.8","222.8","225.2","225.2","225.2","225.2","225.2","225.2","225.2","225.2","228.9","228.9","228.9","228.9","228.9","228.9","228.9","228.9"
"2006:Q2","232.1","232.1","232.1","232.1","232.1","232.1","232.1","232.1","231.5","231.5","231.5","231.5","231.5","231.5","231.5","231.5","236.9","236.9","236.9","236.9","236.9","236.9","236.9","236.9"
"2006:Q3","243.1","243.1","243.1","243.1","243.1","243.1","243.1","243.1","241.4","241.4","241.4","241.4","241.4","241.4","241.4","241.4","241.1","241.1","241.1","241.1","241.1","241.1","241.1","241.1"
"2006:Q4","243.6","243.6","243.6","243.6","243.6","243.6","243.6","243.6","242.4","242.4","242.4","242.4","242.4","242.4","242.4","242.4","239.5","239.5","239.5","239.5","239.5","239.5","239.5","239.5"
"2007:Q1","241.0","241.0","241.0","241.0","240.9","240.9","240.9","240.9","240.5","240.5","240.5","240.5","240.5","240.5","240.5","240.5","240.5","240.5","240.5","240.5","240.5","240.5","240.5","240.5"
"2007:Q2","237.0","237.0","237.0","237.0","237.5","237.5","237.5","237.5","237.5","237.5","237.5","237.5","237.5","237.5","237.5","237.5","237.4","237.4","237.4","237.4","237.4","237.4","237.4","237.4"
"2007:Q3","245.9","245.9","245.9","245.9","246.5","246.5","246.5","246.5","246.7","246.7","246.7","246.7","246.7","246.7","246.7","246.7","241.1","241.1","241.1","241.1","241.1","241.1","241.1","241.1"
"2007:Q4","255.5","255.5","255.5","255.5","256.4","256.4","256.4","256.4","256.2","256.2","256.2","256.2","256.2","256.2","256.2","256.2","252.6","252.6","252.6","252.6","252.6","252.6","252.6","252.6"
"2008:Q1","260.6","260.6","260.6","260.6","261.1","261.1","261.1","261.1","264.8","264.8","264.8","264.8","264.8","264.8","264.8","264.8","259.5","259.5","259.5","259.5","259.5","259.5","259.5","259.5"
"2008:Q2","262.2","262.2","262.2","262.2","262.4","262.4","262.4","262.4","269.0","269.0","269.0","269.0","269.0","269.0","269.0","269.0","269.5","269.5","269.5","269.5","269.5","269.5","269.5","269.5"
"2008:Q3","268.4","268.4","268.4","268.4","269.1","269.1","269.1","269.1","273.6","273.6","273.6","273.6","273.6","273.6","273.6","273.6","277.8","277.8","277.8","277.8","277.8","277.8","277.8","277.8"
"2008:Q4","275.4","275.4","275.4","275.4","276.7","276.7","276.7","276.7","284.0","284.0","284.0","284.0","284.0","284.0","284.0","284.0","287.6","287.6","287.6","287.6","287.6","287.6","287.6","287.6"
"2009:Q1","259.4","259.4","259.4","259.4","260.7","260.7","260.7","260.7","279.3","279.3","279.3","279.3","277.4","277.4","277.4","277.4","278.9","278.9","278.9","278.9","278.9","278.9","278.9","278.9"
"2009:Q2","254.6","252.0","252.0","252.0","249.0","249.0","249.0","249.0","273.4","273.4","273.4","273.4","272.9","272.9","272.9","272.9","272.9","272.9","272.9","272.9","272.9","272.9","272.9","272.9"
"2009:Q3","#N/A","250.0","256.5","256.5","254.6","254.6","254.6","254.6","275.3","275.3","275.3","275.3","274.8","274.8","274.8","274.8","273.2","273.2","273.2","273.2","273.2","273.2","273.2","273.2"
"2009:Q4","#N/A","#N/A","259.6","260.3","259.9","259.9","259.9","259.9","280.3","280.3","280.3","280.3","280.7","280.7","280.7","280.7","279.0","279.0","279.0","279.0","279.0","279.0","279.0","279.0"
"2010:Q1","#N/A","#N/A","#N/A","265.4","260.6","260.6","260.6","260.6","282.0","282.0","282.0","282.0","278.4","278.4","278.4","278.4","279.2","279.2","279.2","279.2","279.2","279.2","279.2","279.2"
"2010:Q2","#N/A","#N/A","#N/A","#N/A","263.1","262.9","262.9","262.9","284.6","284.6","284.6","284.6","281.6","281.6","281.6","281.6","281.7","281.7","281.7","281.7","281.7","281.7","281.7","281.7"
"2010:Q3","#N/A","#N/A","#N/A","#N/A","#N/A","265.7","263.5","263.5","279.5","279.5","279.5","279.5","279.3","279.3","279.3","279.3","277.4","277.4","277.4","277.4","277.4","277.4","277.4","277.4"
"2010:Q4","#N/A","#N/A","#N/A","#N/A","#N/A","#N/A","264.4","259.1","273.9","273.9","273.9","273.9","278.9","278.9","278.9","278.9","274.8","274.8","274.8","274.8","274.8","274.8","274.8","274.8"
"2011:Q1","#N/A","#N/A","#N/A","#N/A","#N/A","#N/A","#N/A","256.1","274.3","274.3","274.3","274.3","280.6","280.6","280.6","280.6","273.5","273.5","273.5","273.5","272.4","272.4","272.4","272.4"
"2011:Q2","#N/A","#N/A","#N/A","#N/A","#N/A","#N/A","#N/A","#N/A","274.2","274.9","274.9","274.9","286.3","286.3","286.3","286.3","275.1","275.1","275.1","275.1","273.2","273.2","273.2","273.2"
"2011:Q3","#N/A","#N/A","#N/A","#N/A","#N/A","#N/A","#N/A","#N/A","#N/A","273.1","281.3","281.3","298.6","298.6","298.6","298.6","286.6","286.6","286.6","286.6","280.0","280.0","280.0","280.0"
"2011:Q4","#N/A","#N/A","#N/A","#N/A","#N/A","#N/A","#N/A","#N/A","#N/A","#N/A","284.7","280.7","294.8","294.8","294.8","294.8","280.5","280.5","280.5","280.5","275.2","275.2","275.2","275.2"
"2012:Q1","#N/A","#N/A","#N/A","#N/A","#N/A","#N/A","#N/A","#N/A","#N/A","#N/A","#N/A","284.2","293.9","293.9","293.9","293.9","283.0","283.0","283.0","283.0","278.3","278.3","278.3","278.3"
"2012:Q2","#N/A","#N/A","#N/A","#N/A","#N/A","#N/A","#N/A","#N/A","#N/A","#N/A","#N/A","#N/A","297.9","305.3","305.3","305.3","293.4","293.4","293.4","293.4","288.1","288.1","288.1","288.1"
"2012:Q3","#N/A","#N/A","#N/A","#N/A","#N/A","#N/A","#N/A","#N/A","#N/A","#N/A","#N/A","#N/A","#N/A","312.5","302.1","302.1","295.8","295.8","295.8","295.8","289.8","289.8","289.8","289.8"
"2012:Q4","#N/A","#N/A","#N/A","#N/A","#N/A","#N/A","#N/A","#N/A","#N/A","#N/A","#N/A","#N/A","#N/A","#N/A","303.6","301.4","302.3","302.3","302.3","302.3","300.7","300.7","300.7","300.7"
"2013:Q1","#N/A","#N/A","#N/A","#N/A","#N/A","#N/A","#N/A","#N/A","#N/A","#N/A","#N/A","#N/A","#N/A","#N/A","#N/A","296.6","287.6","287.6","287.6","287.6","296.3","296.3","296.3","296.3"
"2013:Q2","#N/A","#N/A","#N/A","#N/A","#N/A","#N/A","#N/A","#N/A","#N/A","#N/A","#N/A","#N/A","#N/A","#N/A","#N/A","#N/A","278.7","284.8","284.8","284.8","297.2","297.2","297.2","297.2"
"2013:Q3","#N/A","#N/A","#N/A","#N/A","#N/A","#N/A","#N/A","#N/A","#N/A","#N/A","#N/A","#N/A","#N/A","#N/A","#N/A","#N/A","#N/A","286.3","288.0","288.0","301.9","301.9","301.9","301.9"
"2013:Q4","#N/A","#N/A","#N/A","#N/A","#N/A","#N/A","#N/A","#N/A","#N/A","#N/A","#N/A","#N/A","#N/A","#N/A","#N/A","#N/A","#N/A","#N/A","289.9","286.4","309.5","309.5","309.5","309.5"
"2014:Q1","#N/A","#N/A","#N/A","#N/A","#N/A","#N/A","#N/A","#N/A","#N/A","#N/A","#N/A","#N/A","#N/A","#N/A","#N/A","#N/A","#N/A","#N/A","#N/A","285.2","309.1","309.1","309.1","309.1"
"2014:Q2","#N/A","#N/A","#N/A","#N/A","#N/A","#N/A","#N/A","#N/A","#N/A","#N/A","#N/A","#N/A","#N/A","#N/A","#N/A","#N/A","#N/A","#N/A","#N/A","#N/A","315.5","312.1","312.1","312.1"
"2014:Q3","#N/A","#N/A","#N/A","#N/A","#N/A","#N/A","#N/A","#N/A","#N/A","#N/A","#N/A","#N/A","#N/A","#N/A","#N/A","#N/A","#N/A","#N/A","#N/A","#N/A","#N/A","316.5","318.3","318.3"
"2014:Q4","#N/A","#N/A","#N/A","#N/A","#N/A","#N/A","#N/A","#N/A","#N/A","#N/A","#N/A","#N/A","#N/A","#N/A","#N/A","#N/A","#N/A","#N/A","#N/A","#N/A","#N/A","#N/A","315.0","315.5"
"2015:Q1","#N/A","#N/A","#N/A","#N/A","#N/A","#N/A","#N/A","#N/A","#N/A","#N/A","#N/A","#N/A","#N/A","#N/A","#N/A","#N/A","#N/A","#N/A","#N/A","#N/A","#N/A","#N/A","#N/A","306.5"
